#VRML V2.0 utf8
# 3D model generated by kicad-lcsc-manager
# Based on easyeda2kicad.py v1.0.1

Shape{
    appearance Appearance {
        material  Material {
            diffuseColor 1.0 1.0 0.0
            specularColor 0.5019607843137255 0.5019607843137255 0.0
            ambientIntensity 0.886
            transparency 0.0
            shininess 0.5
        }
    }
    geometry IndexedFaceSet {
        ccw TRUE
        solid FALSE
        coord DEF co Coordinate {
            point [
                -0.1772 0.5315 3.1102, -0.1378 0.5315 3.1102, -0.1772 0.5315 1.9291, -0.1378 0.5315 1.9291, -0.1772 0.4134 3.1102, -0.1772 0.4134 1.9291, -0.1378 0.4134 3.1102, -0.1378 0.4134 1.9291, -0.1378 -1.0433 3.1102, -0.1378 -1.1614 3.1102, -0.1378 -1.0433 1.9291, -0.1378 -1.1614 1.9291, -0.1772 -1.0433 3.1102, -0.1772 -1.0433 1.9291, -0.1772 -1.1614 3.1102, -0.1772 -1.1614 1.9291, 0.1378 -0.2165 3.1102, 0.1378 -0.0984 3.1102, 0.1378 -0.2165 1.9291, 0.1378 -0.0984 1.9291, 0.1772 -0.2165 3.1102, 0.1772 -0.2165 1.9291, 0.1772 -0.0984 3.1102, 0.1772 -0.0984 1.9291, 0.1378 1.0433 3.1102, 0.1378 1.1614 3.1102, 0.1378 1.0433 1.9291, 0.1378 1.1614 1.9291, 0.1772 1.0433 3.1102, 0.1772 1.0433 1.9291, 0.1772 1.1614 3.1102, 0.1772 1.1614 1.9291
            ]
        }
        coordIndex [
            0,1,2,-1,2,1,3,-1,4,0,5,-1,5,0,2,-1,6,4,7,-1,7,4,5,-1,1,6,3,-1,3,6,7,-1,4,6,0,-1,0,6,1,-1,7,5,3,-1,3,5,2,-1,8,9,10,-1,10,9,11,-1,12,8,13,-1,13,8,10,-1,14,12,15,-1,15,12,13,-1,9,14,11,-1,11,14,15,-1,12,14,8,-1,8,14,9,-1,15,13,11,-1,11,13,10,-1,16,17,18,-1,18,17,19,-1,20,16,21,-1,21,16,18,-1,22,20,23,-1,23,20,21,-1,17,22,19,-1,19,22,23,-1,20,22,16,-1,16,22,17,-1,23,21,19,-1,19,21,18,-1,24,25,26,-1,26,25,27,-1,28,24,29,-1,29,24,26,-1,30,28,31,-1,31,28,29,-1,25,30,27,-1,27,30,31,-1,28,30,24,-1,24,30,25,-1,31,29,27,-1,27,29,26,-1,
        ]
    }
}
Shape{
    appearance Appearance {
        material  Material {
            diffuseColor 0.5019607843137255 0.5019607843137255 0.5019607843137255
            specularColor 0.25098039215686274 0.25098039215686274 0.25098039215686274
            ambientIntensity 0.502
            transparency 0.0
            shininess 0.5
        }
    }
    geometry IndexedFaceSet {
        ccw TRUE
        solid FALSE
        coord DEF co Coordinate {
            point [
                0.4919 -1.3791 0.748, 0.5025 -1.3189 0.748, 0.4567 -1.3189 0.748, -0.2413 -1.6297 0.748, -0.2239 -1.6339 0.748, -0.4567 -1.3189 0.748, 0.2239 -1.6339 0.748, 0.2413 -1.6297 0.748, 0.3268 -1.5943 0.748, 0.4002 -1.538 0.748, 0.4565 -1.4646 0.748, -0.2239 1.6339 0.748, -0.2413 1.6297 0.748, -0.4567 1.3189 0.748, -0.3268 1.5943 0.748, -0.4002 1.538 0.748, -0.5025 -1.3189 0.748, -0.4919 -1.3791 0.748, -0.4565 -1.4646 0.748, -0.4565 1.4646 0.748, -0.4919 1.3791 0.748, -0.5025 1.3189 0.748, 0.5025 1.3189 0.748, 0.4919 1.3791 0.748, 0.4567 1.3189 0.748, 0.3071 1.2874 0.748, 0.3071 -1.2874 0.748, -0.261 1.3988 0.748, -0.2283 1.4238 0.748, -0.4002 -1.538 0.748, -0.3268 -1.5943 0.748, 0.3017 -1.3282 0.748, 0.286 -1.3661 0.748, 0.261 -1.3988 0.748, 0.2283 -1.4238 0.748, -0.286 -1.3661 0.748, -0.261 -1.3988 0.748, -0.2283 -1.4238 0.748, -0.1904 -1.4395 0.748, 0.1904 -1.4395 0.748, 0.1496 -1.4449 0.748, -0.1496 -1.4449 0.748, -0.1904 1.4395 0.748, -0.1496 1.4449 0.748, 0.2239 1.6339 0.748, 0.1496 1.4449 0.748, 0.2413 1.6297 0.748, 0.1904 1.4395 0.748, 0.3268 1.5943 0.748, 0.2283 1.4238 0.748, 0.4002 1.538 0.748, 0.261 1.3988 0.748, 0.4565 1.4646 0.748, 0.286 1.3661 0.748, 0.3017 1.3282 0.748, -0.286 1.3661 0.748, -0.3017 1.3282 0.748, -0.3017 -1.3282 0.748, -0.3071 -1.2874 0.748, -0.3071 1.2874 0.748, -0.3268 -1.3189 0.2756, -0.4567 -1.3189 0.2756, -0.4567 -1.2224 0.2756, 0.0169 -0.2393 0.2756, 0.0169 -0.2069 0.2756, 0.05 -0.2512 0.2756, 0.1045 -0.2069 0.2756, 0.05 -0.2685 0.2756, 0.1045 -0.3937 0.2756, -0.0681 -0.2224 0.2756, -0.0681 -0.2066 0.2756, -0.0681 -0.2069 0.2756, -0.0688 -0.2069 0.2756, -0.0688 -0.3937 0.2756, 0.0169 -0.1905 0.2756, 0.05 -0.1792 0.2756, 0.1045 -0.1576 0.2756, 0.05 -0.1619 0.2756, -0.0688 -0.1576 0.2756, 0.032 0.0532 0.2756, 0.0309 0.0513 0.2756, -0.049 0.0513 0.2756, -0.0499 0.0532 0.2756, -0.0547 0.0646 0.2756, 0.0321 0.0534 0.2756, -0.0566 0.0789 0.2756, -0.0553 0.0905 0.2756, -0.0521 0.0994 0.2756, -0.0466 0.1076 0.2756, -0.0388 0.1147 0.2756, -0.0078 0.1233 0.2756, 0.005 0.1221 0.2756, 0.0151 0.1189 0.2756, 0.0372 0.0926 0.2756, 0.0385 0.0816 0.2756, 0.0341 0.1012 0.2756, 0.0292 0.1084 0.2756, 0.0233 0.114 0.2756, 0.0367 0.0659 0.2756, -0.0296 0.1196 0.2756, -0.017 0.1227 0.2756, -0.0649 0.0513 0.2756, -0.0688 0.0397 0.2756, -0.0654 0.0532 0.2756, -0.0688 0.0532 0.2756, -0.0686 0.0649 0.2756, -0.0688 0.0686 0.2756, -0.0688 0.1455 0.2756, -0.1575 0.1417 0.2756, -0.1969 0.1417 0.2756, -0.0688 0.0879 0.2756, -0.0696 0.0791 0.2756, -0.1575 0.0551 0.2756, 0.1045 0.0397 0.2756, 0.0439 0.0513 0.2756, 0.1045 0.0532 0.2756, 0.0447 0.0532 0.2756, 0.049 0.0638 0.2756, 0.046 0.1098 0.2756, 0.0399 0.1193 0.2756, 0.1045 0.1455 0.2756, 0.0306 0.1281 0.2756, 0.0193 0.1344 0.2756, -0.037 0.1329 0.2756, -0.0481 0.126 0.2756, -0.0583 0.1153 0.2756, -0.0648 0.1041 0.2756, -0.0686 0.0909 0.2756, 0.0514 0.0805 0.2756, 0.0514 0.0838 0.2756, 0.0499 0.0983 0.2756, 0.0068 0.138 0.2756, -0.0068 0.1391 0.2756, -0.0236 0.1374 0.2756, 0.1045 -1.3189 0.2756, 0.1045 -1.2224 0.2756, 0.4567 -1.3189 0.2756, 0.4567 -1.2224 0.2756, -0.3268 -1.2224 0.2756, -0.0688 -1.3189 0.2756, -0.0688 -1.2224 0.2756, 0.1045 -0.9843 0.2756, 0.1575 -1.0394 0.2756, 0.1575 -1.126 0.2756, 0.1969 -1.126 0.2756, 0.4567 -0.9843 0.2756, 0.1969 -1.0394 0.2756, -0.1575 -1.126 0.2756, -0.1969 -1.126 0.2756, -0.1969 -1.0394 0.2756, -0.3268 -0.9843 0.2756, -0.1575 -1.0394 0.2756, -0.0688 -0.9843 0.2756, 0.1045 -0.7874 0.2756, 0.1575 -0.8425 0.2756, 0.1575 -0.9291 0.2756, 0.1969 -0.9291 0.2756, 0.1969 -0.8425 0.2756, 0.4567 -0.7874 0.2756, -0.1575 -0.9291 0.2756, -0.1969 -0.9291 0.2756, -0.1969 -0.8425 0.2756, -0.3268 -0.7874 0.2756, -0.1575 -0.8425 0.2756, -0.0688 -0.7874 0.2756, 0.1045 -0.5906 0.2756, 0.1575 -0.6457 0.2756, 0.1575 -0.7323 0.2756, 0.1969 -0.7323 0.2756, 0.1969 -0.6457 0.2756, 0.4567 -0.5906 0.2756, -0.1575 -0.7323 0.2756, -0.1969 -0.7323 0.2756, -0.1969 -0.6457 0.2756, -0.3268 -0.5906 0.2756, -0.1575 -0.6457 0.2756, -0.0688 -0.5906 0.2756, 0.1575 -0.4488 0.2756, 0.1575 -0.5354 0.2756, 0.1969 -0.5354 0.2756, 0.1969 -0.4488 0.2756, 0.4567 -0.3937 0.2756, -0.1575 -0.5354 0.2756, -0.1969 -0.5354 0.2756, -0.1969 -0.4488 0.2756, -0.3268 -0.3937 0.2756, -0.1575 -0.4488 0.2756, 0.1575 -0.252 0.2756, 0.1575 -0.3386 0.2756, 0.1969 -0.3386 0.2756, 0.1969 -0.252 0.2756, 0.4567 -0.2069 0.2756, -0.1575 -0.252 0.2756, -0.1575 -0.3386 0.2756, -0.1969 -0.3386 0.2756, -0.1969 -0.252 0.2756, -0.3268 -0.2069 0.2756, -0.3268 -0.1576 0.2756, 0.1045 -0.0451 0.2756, 0.1575 -0.0551 0.2756, 0.1575 -0.1417 0.2756, 0.1969 -0.1417 0.2756, 0.1969 -0.0551 0.2756, 0.4567 -0.0451 0.2756, 0.4567 -0.1576 0.2756, -0.0688 -0.0451 0.2756, 0.05 -0.0582 0.2756, -0.0681 -0.0582 0.2756, -0.0681 -0.0915 0.2756, -0.0663 -0.1086 0.2756, -0.0614 -0.1224 0.2756, -0.0528 -0.1353 0.2756, 0.0375 -0.1309 0.2756, 0.0282 -0.1406 0.2756, 0.0176 -0.1474 0.2756, -0.0527 -0.1354 0.2756, -0.0435 -0.1438 0.2756, -0.0333 -0.1492 0.2756, 0.0447 -0.1186 0.2756, 0.0487 -0.1049 0.2756, 0.05 -0.0903 0.2756, -0.0217 -0.1524 0.2756, -0.0106 -0.1533 0.2756, 0.0052 -0.1516 0.2756, -0.1575 -0.0551 0.2756, -0.1969 -0.0551 0.2756, -0.0033 0.0124 0.2756, 0.037 0.0124 0.2756, -0.0033 -0.0294 0.2756, 0.037 -0.0352 0.2756, 0.05 -0.0352 0.2756, 0.05 0.0282 0.2756, -0.0552 0.0124 0.2756, -0.0163 0.0124 0.2756, -0.0552 -0.0323 0.2756, -0.0163 -0.0294 0.2756, -0.0681 0.0282 0.2756, -0.0681 -0.0323 0.2756, -0.1575 -0.1417 0.2756, -0.1969 -0.1417 0.2756, -0.3268 -0.0451 0.2756, -0.3268 0.0397 0.2756, -0.3268 0.0532 0.2756, 0.1575 0.1417 0.2756, 0.1575 0.0551 0.2756, 0.1969 0.0551 0.2756, 0.1969 0.1417 0.2756, 0.4567 0.1455 0.2756, 0.4567 0.0532 0.2756, 0.4567 0.0397 0.2756, 0.05 0.2097 0.2756, -0.0681 0.2097 0.2756, -0.0688 0.2308 0.2756, -0.0681 0.1939 0.2756, 0.1045 0.2308 0.2756, 0.05 0.1492 0.2756, 0.037 0.1492 0.2756, 0.037 0.1939 0.2756, -0.1969 0.0551 0.2756, -0.3268 0.1455 0.2756, -0.3268 0.2308 0.2756, 0.1045 0.3937 0.2756, 0.1575 0.3386 0.2756, 0.1575 0.252 0.2756, 0.1969 0.252 0.2756, 0.1969 0.3386 0.2756, 0.4567 0.3937 0.2756, 0.4567 0.2308 0.2756, -0.1575 0.252 0.2756, -0.1969 0.252 0.2756, -0.1969 0.3386 0.2756, -0.3268 0.3937 0.2756, -0.1575 0.3386 0.2756, -0.0688 0.3937 0.2756, 0.1045 0.5906 0.2756, 0.1575 0.5354 0.2756, 0.1575 0.4488 0.2756, 0.1969 0.4488 0.2756, 0.1969 0.5354 0.2756, 0.4567 0.5906 0.2756, -0.1575 0.4488 0.2756, -0.1969 0.4488 0.2756, -0.1969 0.5354 0.2756, -0.3268 0.5906 0.2756, -0.1575 0.5354 0.2756, -0.0688 0.5906 0.2756, 0.1045 0.7874 0.2756, 0.1575 0.7323 0.2756, 0.1575 0.6457 0.2756, 0.1969 0.6457 0.2756, 0.1969 0.7323 0.2756, 0.4567 0.7874 0.2756, -0.1575 0.6457 0.2756, -0.1969 0.6457 0.2756, -0.1969 0.7323 0.2756, -0.3268 0.7874 0.2756, -0.1575 0.7323 0.2756, -0.0688 0.7874 0.2756, 0.1045 0.9843 0.2756, 0.1575 0.9291 0.2756, 0.1575 0.8425 0.2756, 0.1969 0.8425 0.2756, 0.1969 0.9291 0.2756, 0.4567 0.9843 0.2756, -0.1575 0.8425 0.2756, -0.1969 0.8425 0.2756, -0.1969 0.9291 0.2756, -0.3268 0.9843 0.2756, -0.1575 0.9291 0.2756, -0.0688 0.9843 0.2756, 0.1575 1.0394 0.2756, 0.1969 1.0394 0.2756, 0.1575 1.126 0.2756, 0.1045 1.3189 0.2756, 0.1969 1.126 0.2756, 0.4567 1.3189 0.2756, -0.0688 1.3189 0.2756, -0.1575 1.0394 0.2756, -0.1969 1.0394 0.2756, -0.1969 1.126 0.2756, -0.3268 1.3189 0.2756, -0.1575 1.126 0.2756, -0.4567 -0.9843 0.2756, -0.4567 -0.7874 0.2756, -0.4567 -0.5906 0.2756, -0.4567 -0.3937 0.2756, -0.4567 -0.2069 0.2756, -0.4567 -0.1576 0.2756, -0.4567 -0.0451 0.2756, -0.4567 0.0397 0.2756, -0.4567 0.0532 0.2756, -0.4567 0.1455 0.2756, -0.4567 0.2308 0.2756, -0.4567 0.3937 0.2756, -0.4567 0.5906 0.2756, -0.4567 0.7874 0.2756, -0.4567 0.9843 0.2756, -0.4567 1.3189 0.2756
            ]
        }
        coordIndex [
            0,1,2,-1,3,4,5,-1,6,7,2,-1,2,7,8,-1,8,9,2,-1,2,9,10,-1,2,10,0,-1,11,12,13,-1,13,12,14,-1,13,14,15,-1,16,17,5,-1,5,17,18,-1,15,19,13,-1,13,19,20,-1,13,20,21,-1,22,23,24,-1,24,23,25,-1,24,25,2,-1,2,25,26,-1,11,27,28,-1,18,29,5,-1,5,29,30,-1,5,30,3,-1,26,31,2,-1,2,31,32,-1,2,32,6,-1,6,32,33,-1,6,33,34,-1,35,5,36,-1,36,5,4,-1,36,4,37,-1,37,4,38,-1,34,39,6,-1,6,39,40,-1,6,40,4,-1,4,40,41,-1,4,41,38,-1,28,42,11,-1,11,42,43,-1,11,43,44,-1,44,43,45,-1,44,45,46,-1,46,45,47,-1,46,47,48,-1,48,47,49,-1,48,49,50,-1,50,49,51,-1,50,51,52,-1,52,51,53,-1,52,53,23,-1,23,53,54,-1,23,54,25,-1,27,11,55,-1,55,11,13,-1,55,13,56,-1,35,57,5,-1,5,57,58,-1,5,58,13,-1,13,58,59,-1,13,59,56,-1,60,61,62,-1,63,64,65,-1,65,64,66,-1,65,66,67,-1,67,66,68,-1,67,68,69,-1,70,71,72,-1,72,71,69,-1,72,69,73,-1,64,74,66,-1,66,74,75,-1,66,75,76,-1,76,75,77,-1,76,77,78,-1,79,80,81,-1,81,82,79,-1,79,82,83,-1,79,83,84,-1,84,83,85,-1,84,85,86,-1,86,87,84,-1,84,87,88,-1,84,88,89,-1,90,91,84,-1,84,91,92,-1,93,94,95,-1,95,94,96,-1,92,97,84,-1,84,97,96,-1,84,96,98,-1,98,96,94,-1,89,99,84,-1,84,99,100,-1,84,100,90,-1,101,102,103,-1,103,102,104,-1,103,104,105,-1,105,104,106,-1,107,108,109,-1,110,111,112,-1,101,81,102,-1,102,81,80,-1,102,80,113,-1,113,80,114,-1,113,114,115,-1,115,114,116,-1,115,116,117,-1,118,119,120,-1,120,119,121,-1,120,121,122,-1,123,124,107,-1,107,124,125,-1,107,125,126,-1,112,108,110,-1,110,108,107,-1,110,107,127,-1,127,107,126,-1,117,128,115,-1,115,128,129,-1,115,129,120,-1,120,129,130,-1,120,130,118,-1,122,131,120,-1,120,131,132,-1,120,132,107,-1,107,132,133,-1,107,133,123,-1,134,135,136,-1,136,135,137,-1,60,138,139,-1,139,138,140,-1,141,142,135,-1,135,142,143,-1,135,143,137,-1,137,143,144,-1,137,144,145,-1,145,144,146,-1,147,140,148,-1,148,140,138,-1,148,138,149,-1,149,138,150,-1,149,150,151,-1,151,150,152,-1,151,152,147,-1,147,152,140,-1,153,154,141,-1,141,154,155,-1,141,155,156,-1,157,158,156,-1,156,158,145,-1,156,145,141,-1,141,145,146,-1,141,146,142,-1,159,152,160,-1,160,152,150,-1,160,150,161,-1,161,150,162,-1,161,162,163,-1,163,162,164,-1,163,164,159,-1,159,164,152,-1,165,166,153,-1,153,166,167,-1,153,167,168,-1,169,170,168,-1,168,170,158,-1,168,158,153,-1,153,158,157,-1,153,157,154,-1,171,164,172,-1,172,164,162,-1,172,162,173,-1,173,162,174,-1,173,174,175,-1,175,174,176,-1,175,176,171,-1,171,176,164,-1,68,177,165,-1,165,177,178,-1,165,178,179,-1,180,181,179,-1,179,181,170,-1,179,170,165,-1,165,170,169,-1,165,169,166,-1,69,68,73,-1,73,68,165,-1,73,165,176,-1,176,165,153,-1,176,153,164,-1,164,153,141,-1,164,141,152,-1,152,141,135,-1,152,135,140,-1,140,135,134,-1,140,134,139,-1,182,176,183,-1,183,176,174,-1,183,174,184,-1,184,174,185,-1,184,185,186,-1,186,185,73,-1,186,73,182,-1,182,73,176,-1,66,187,68,-1,68,187,188,-1,68,188,189,-1,190,191,189,-1,189,191,181,-1,189,181,68,-1,68,181,180,-1,68,180,177,-1,192,72,193,-1,193,72,73,-1,193,73,194,-1,194,73,185,-1,194,185,195,-1,195,185,196,-1,195,196,192,-1,192,196,72,-1,196,197,72,-1,72,197,78,-1,72,78,70,-1,70,78,77,-1,198,199,76,-1,76,199,200,-1,76,200,201,-1,202,203,201,-1,201,203,204,-1,201,204,76,-1,76,204,191,-1,76,191,66,-1,66,191,190,-1,66,190,187,-1,205,198,206,-1,206,207,205,-1,205,207,208,-1,205,208,78,-1,208,209,78,-1,78,209,210,-1,78,210,211,-1,212,76,213,-1,213,76,214,-1,211,215,78,-1,78,215,216,-1,78,216,217,-1,212,218,76,-1,76,218,219,-1,76,219,198,-1,198,219,220,-1,198,220,206,-1,217,221,78,-1,78,221,222,-1,78,222,76,-1,76,222,223,-1,76,223,214,-1,205,224,225,-1,226,227,228,-1,228,227,229,-1,205,229,198,-1,198,229,230,-1,198,230,113,-1,113,230,231,-1,113,231,102,-1,232,233,234,-1,234,233,235,-1,231,236,102,-1,102,236,237,-1,102,237,205,-1,205,237,234,-1,205,234,229,-1,229,234,235,-1,229,235,228,-1,224,205,238,-1,238,205,78,-1,238,78,239,-1,239,78,197,-1,239,197,225,-1,225,197,240,-1,225,240,205,-1,205,240,241,-1,205,241,102,-1,102,241,242,-1,102,242,104,-1,120,243,115,-1,115,243,244,-1,115,244,245,-1,246,247,245,-1,245,247,248,-1,245,248,115,-1,115,248,249,-1,115,249,113,-1,113,249,203,-1,113,203,198,-1,198,203,202,-1,198,202,199,-1,250,251,252,-1,252,251,253,-1,252,253,107,-1,250,254,255,-1,255,254,120,-1,255,120,256,-1,256,120,107,-1,256,107,257,-1,257,107,253,-1,111,106,112,-1,112,106,104,-1,112,104,258,-1,258,104,242,-1,258,242,109,-1,109,242,259,-1,109,259,107,-1,107,259,260,-1,107,260,252,-1,261,262,254,-1,254,262,263,-1,254,263,264,-1,265,266,264,-1,264,266,267,-1,264,267,254,-1,254,267,247,-1,254,247,120,-1,120,247,246,-1,120,246,243,-1,268,252,269,-1,269,252,260,-1,269,260,270,-1,270,260,271,-1,270,271,272,-1,272,271,273,-1,272,273,268,-1,268,273,252,-1,274,275,261,-1,261,275,276,-1,261,276,277,-1,278,279,277,-1,277,279,266,-1,277,266,261,-1,261,266,265,-1,261,265,262,-1,280,273,281,-1,281,273,271,-1,281,271,282,-1,282,271,283,-1,282,283,284,-1,284,283,285,-1,284,285,280,-1,280,285,273,-1,286,287,274,-1,274,287,288,-1,274,288,289,-1,290,291,289,-1,289,291,279,-1,289,279,274,-1,274,279,278,-1,274,278,275,-1,292,285,293,-1,293,285,283,-1,293,283,294,-1,294,283,295,-1,294,295,296,-1,296,295,297,-1,296,297,292,-1,292,297,285,-1,298,299,286,-1,286,299,300,-1,286,300,301,-1,302,303,301,-1,301,303,291,-1,301,291,286,-1,286,291,290,-1,286,290,287,-1,304,297,305,-1,305,297,295,-1,305,295,306,-1,306,295,307,-1,306,307,308,-1,308,307,309,-1,308,309,304,-1,304,309,297,-1,298,310,311,-1,310,298,312,-1,312,298,313,-1,312,313,314,-1,314,313,315,-1,314,315,311,-1,311,315,303,-1,311,303,298,-1,298,303,302,-1,298,302,299,-1,250,252,254,-1,254,252,273,-1,254,273,261,-1,261,273,285,-1,261,285,274,-1,274,285,297,-1,274,297,286,-1,286,297,309,-1,286,309,298,-1,298,309,316,-1,298,316,313,-1,317,309,318,-1,318,309,307,-1,318,307,319,-1,319,307,320,-1,319,320,321,-1,321,320,316,-1,321,316,317,-1,317,316,309,-1,60,62,138,-1,138,62,322,-1,138,322,150,-1,150,322,323,-1,150,323,162,-1,162,323,324,-1,162,324,174,-1,174,324,325,-1,174,325,185,-1,185,325,326,-1,185,326,196,-1,196,326,327,-1,196,327,197,-1,197,327,328,-1,197,328,240,-1,240,328,329,-1,240,329,241,-1,241,329,330,-1,241,330,242,-1,242,330,331,-1,242,331,259,-1,259,331,332,-1,259,332,260,-1,260,332,333,-1,260,333,271,-1,271,333,334,-1,271,334,283,-1,283,334,335,-1,283,335,295,-1,295,335,336,-1,295,336,307,-1,307,336,337,-1,307,337,320,-1,
        ]
    }
}
Shape{
    appearance Appearance {
        material  Material {
            diffuseColor 1.0 1.0 1.0
            specularColor 0.5019607843137255 0.5019607843137255 0.5019607843137255
            ambientIntensity 1.0
            transparency 0.0
            shininess 0.5
        }
    }
    geometry IndexedFaceSet {
        ccw TRUE
        solid FALSE
        coord DEF co Coordinate {
            point [
                0.622 0.4469 1.1246, 0.622 0.7619 1.1246, 0.622 1.2874 3.6417, 0.622 -1.2874 3.6417, 0.622 -1.2874 0.748, 0.622 -1.122 0.748, 0.622 1.2874 0.748, 0.622 1.122 0.748, 0.622 1.1017 0.7453, 0.622 -1.0664 0.725, 0.622 -0.7619 0.9672, 0.622 -1.0827 0.7375, 0.622 -0.7619 1.1246, 0.622 -1.1017 0.7453, 0.622 -0.6496 0.5906, 0.622 -0.4469 0.9672, 0.622 -0.1969 0.5906, 0.622 -0.4469 1.1246, 0.622 1.0827 0.7375, 0.622 1.0664 0.725, 0.622 0.7619 0.9672, 0.622 1.0539 0.7087, 0.622 0.6496 0.5906, 0.622 0.1969 0.5906, 0.622 0.4469 0.9672, 0.622 0.6496 0.4619, 0.622 1.0433 0.4619, 0.622 1.0433 0.6693, 0.622 1.046 0.6897, 0.622 -0.1969 0.4846, 0.622 0.1969 0.4846, 0.622 -1.0433 0.4846, 0.622 -0.6496 0.4846, 0.622 -1.0433 0.6693, 0.622 -1.046 0.6897, 0.622 -1.0539 0.7087, 0.5025 1.3189 0.748, 0.621 1.3189 0.748, 0.5039 1.2874 0.748, 0.5039 1.122 0.748, -0.5039 1.122 0.748, -0.622 1.122 0.748, -0.5039 1.2874 0.748, -0.622 1.2874 0.748, -0.5025 1.3189 0.748, -0.621 1.3189 0.748, 0.4442 1.6568 0.748, 0.4708 1.6339 0.748, 0.2239 1.6339 0.748, -0.2239 1.6339 0.748, -0.4708 1.6339 0.748, -0.4442 1.6568 0.748, 0.3546 1.7131 0.748, -0.3546 1.7131 0.748, -0.2547 1.748 0.748, -0.1496 1.6417 0.748, -0.1496 1.7598 0.748, 0.1496 1.6417 0.748, 0.1496 1.7598 0.748, 0.2547 1.748 0.748, -0.5025 -1.3189 0.748, -0.621 -1.3189 0.748, -0.5039 -1.2874 0.748, -0.622 -1.2874 0.748, -0.5039 -1.122 0.748, -0.622 -1.122 0.748, 0.5039 -1.122 0.748, 0.5039 -1.2874 0.748, 0.5025 -1.3189 0.748, 0.621 -1.3189 0.748, -0.4442 -1.6568 0.748, -0.4708 -1.6339 0.748, -0.2239 -1.6339 0.748, -0.3546 -1.7131 0.748, 0.2239 -1.6339 0.748, 0.4708 -1.6339 0.748, 0.4442 -1.6568 0.748, 0.3546 -1.7131 0.748, 0.2547 -1.748 0.748, 0.1496 -1.6417 0.748, 0.1496 -1.7598 0.748, -0.1496 -1.6417 0.748, -0.1496 -1.7598 0.748, -0.2547 -1.748 0.748, -0.1496 1.7598 3.6417, 0.1496 1.7598 3.6417, 0.4565 1.4646 3.6417, 0.519 1.582 3.6417, 0.4002 1.538 3.6417, 0.4442 1.6568 3.6417, 0.3268 1.5943 3.6417, 0.3546 1.7131 3.6417, 0.2413 1.6297 3.6417, 0.2547 1.748 3.6417, 0.1496 1.6417 3.6417, -0.1496 1.6417 3.6417, -0.2413 1.6297 3.6417, -0.2547 1.748 3.6417, -0.3268 1.5943 3.6417, -0.3546 1.7131 3.6417, -0.4002 1.538 3.6417, 0.3268 -1.5943 3.6417, 0.4442 -1.6568 3.6417, 0.4002 -1.538 3.6417, 0.519 -1.582 3.6417, 0.4565 -1.4646 3.6417, 0.5753 -1.4924 3.6417, 0.4919 -1.3791 3.6417, 0.6102 -1.3925 3.6417, 0.5039 -1.2874 3.6417, 0.5039 1.2874 3.6417, 0.4919 1.3791 3.6417, 0.6102 1.3925 3.6417, 0.5753 1.4924 3.6417, -0.4442 1.6568 3.6417, -0.519 1.582 3.6417, -0.4565 1.4646 3.6417, -0.5753 1.4924 3.6417, -0.4919 1.3791 3.6417, -0.6102 1.3925 3.6417, -0.5039 1.2874 3.6417, -0.622 1.2874 3.6417, -0.5039 -1.2874 3.6417, -0.622 -1.2874 3.6417, -0.4919 -1.3791 3.6417, -0.6102 -1.3925 3.6417, -0.4565 -1.4646 3.6417, -0.5753 -1.4924 3.6417, -0.4002 -1.538 3.6417, -0.519 -1.582 3.6417, -0.4442 -1.6568 3.6417, -0.3268 -1.5943 3.6417, -0.3546 -1.7131 3.6417, -0.2413 -1.6297 3.6417, -0.2547 -1.748 3.6417, -0.1496 -1.6417 3.6417, -0.1496 -1.7598 3.6417, 0.1496 -1.6417 3.6417, 0.1496 -1.7598 3.6417, 0.2413 -1.6297 3.6417, 0.2547 -1.748 3.6417, 0.3546 -1.7131 3.6417, 0.7874 0.8465 0.0, 0.7874 0.8438 0.0204, 0.7874 1.0433 0.23, 0.7874 0.8359 0.0394, 0.7874 0.8234 0.0557, 0.7874 0.9849 -0.4304, 0.7874 0.9646 -0.4331, 0.7874 1.0433 -0.3543, 0.7874 0.8491 -0.3747, 0.7874 0.8465 -0.3543, 0.7874 0.9252 -0.4331, 0.7874 1.0328 -0.3937, 0.7874 1.0202 -0.41, 0.7874 1.0039 -0.4225, 0.7874 0.8858 -0.4225, 0.7874 0.8695 -0.41, 0.7874 0.857 -0.3937, 0.7874 0.708 0.0814, 0.7874 0.689 0.0893, 0.7874 0.6496 0.1575, 0.7874 1.0406 -0.3747, 0.7874 0.8071 0.0682, 0.7874 0.7881 0.0761, 0.7874 0.6496 0.23, 0.7874 0.7677 0.0787, 0.7874 0.7283 0.0787, 0.7874 0.9048 -0.4304, 0.7874 0.6727 0.1018, 0.7874 0.6602 0.1181, 0.7874 0.6523 0.1371, 0.9055 0.9646 -0.4331, 0.9055 0.9252 -0.4331, 0.9055 0.7677 0.0787, 0.9055 0.7881 0.0761, 0.9055 1.0433 0.2982, 0.9055 0.8071 0.0682, 0.9055 0.8234 0.0557, 0.9055 0.8359 0.0394, 0.9055 0.6496 0.2982, 0.9055 0.6496 0.1575, 0.9055 0.7283 0.0787, 0.9055 0.708 0.0814, 0.9055 0.6602 0.1181, 0.9055 0.6727 0.1018, 0.9055 0.689 0.0893, 0.9055 0.8491 -0.3747, 0.9055 0.857 -0.3937, 0.9055 1.0433 -0.3543, 0.9055 0.8438 0.0204, 0.9055 0.8465 0.0, 0.9055 0.8465 -0.3543, 0.9055 0.6523 0.1371, 0.9055 0.8695 -0.41, 0.9055 0.8858 -0.4225, 0.9055 0.9048 -0.4304, 0.9055 1.0039 -0.4225, 0.9055 1.0202 -0.41, 0.9055 1.0328 -0.3937, 0.9055 0.9849 -0.4304, 0.9055 1.0406 -0.3747, 0.5039 0.6496 0.3937, 0.5039 0.6496 0.5906, 0.5039 -0.6496 0.5906, 0.5039 -0.1969 0.5906, 0.5039 0.1969 0.5906, 0.6102 1.3925 0.748, 0.5753 1.4924 0.748, 0.519 1.582 0.748, 0.6102 -1.3925 0.748, 0.5753 -1.4924 0.748, 0.519 -1.582 0.748, 0.4919 -1.3791 0.748, 0.4565 -1.4646 0.748, 0.4002 -1.538 0.748, 0.3268 -1.5943 0.748, 0.2413 -1.6297 0.748, 0.5039 -1.0539 0.7087, 0.5039 -1.0664 0.725, 0.5039 -1.046 0.6897, 0.5039 1.1017 0.7453, 0.5039 1.0827 0.7375, 0.5039 1.0664 0.725, 0.5039 1.0539 0.7087, 0.5039 0.1969 0.4846, 0.5039 -0.1969 0.4846, 0.5039 -1.1017 0.7453, 0.5039 -0.6496 0.4846, 0.5039 -1.0433 0.4846, 0.5039 -1.0433 0.6693, 0.5039 1.0433 0.3937, 0.5039 1.0433 0.6693, 0.5039 1.046 0.6897, 0.5039 -1.0827 0.7375, 0.2413 1.6297 0.748, 0.3268 1.5943 0.748, 0.4002 1.538 0.748, 0.4565 1.4646 0.748, 0.4919 1.3791 0.748, 0.7874 -1.0433 -0.3543, 0.9055 -1.0433 -0.3543, 0.7874 -1.0433 0.2073, 0.9055 -1.0433 0.2073, 0.7861 -1.0433 0.2175, 0.6229 -1.0433 0.4764, 0.5093 -1.0433 0.4439, 0.6255 -1.0433 0.4686, 0.525 -1.0433 0.4059, 0.9021 -1.0433 0.2401, 0.8919 -1.0433 0.2714, 0.7821 -1.0433 0.227, 0.8754 -1.0433 0.2999, 0.7759 -1.0433 0.2352, 0.8534 -1.0433 0.3243, 0.7677 -1.0433 0.2414, 0.8268 -1.0433 0.3437, 0.5827 -1.0433 0.3482, 0.6417 -1.0433 0.4505, 0.5501 -1.0433 0.3733, 0.6351 -1.0433 0.4554, 0.6296 -1.0433 0.4615, 0.7874 -0.8071 0.0682, 0.7874 -0.8234 0.0557, 0.7874 -0.8359 0.0394, 0.7874 -0.8858 -0.4225, 0.7874 -0.9048 -0.4304, 0.7874 -0.9252 -0.4331, 0.7874 -0.6496 0.1575, 0.7874 -0.7283 0.0787, 0.7874 -0.6496 0.2073, 0.7874 -0.7677 0.0787, 0.7874 -0.7881 0.0761, 0.7874 -0.9646 -0.4331, 0.7874 -1.0406 -0.3747, 0.7874 -0.8438 0.0204, 0.7874 -0.8465 0.0, 0.7874 -0.8465 -0.3543, 0.7874 -0.8491 -0.3747, 0.7874 -0.6516 0.14, 0.7874 -0.6574 0.1233, 0.7874 -0.6668 0.1084, 0.7874 -0.6793 0.0959, 0.7874 -0.6942 0.0865, 0.7874 -0.7108 0.0807, 0.7874 -0.857 -0.3937, 0.7874 -0.8695 -0.41, 0.7874 -0.9849 -0.4304, 0.7874 -1.0039 -0.4225, 0.7874 -1.0202 -0.41, 0.7874 -1.0328 -0.3937, 0.5827 -0.6496 0.3482, 0.7677 -0.6496 0.2414, 0.8268 -0.6496 0.3437, 0.6417 -0.6496 0.4505, 0.9055 -0.8465 -0.3543, 0.9055 -0.8465 0.0, 0.9055 -0.8438 0.0204, 0.9055 -0.8359 0.0394, 0.9055 -0.8234 0.0557, 0.9055 -0.9646 -0.4331, 0.9055 -0.8071 0.0682, 0.9055 -0.7881 0.0761, 0.9055 -0.6496 0.2073, 0.9055 -0.7677 0.0787, 0.9055 -0.6496 0.1575, 0.9055 -0.7283 0.0787, 0.9055 -0.6516 0.14, 0.9055 -1.0202 -0.41, 0.9055 -0.9849 -0.4304, 0.9055 -1.0039 -0.4225, 0.9055 -1.0406 -0.3747, 0.9055 -1.0328 -0.3937, 0.9055 -0.9048 -0.4304, 0.9055 -0.8858 -0.4225, 0.9055 -0.8695 -0.41, 0.9055 -0.8491 -0.3747, 0.9055 -0.857 -0.3937, 0.9055 -0.6793 0.0959, 0.9055 -0.6668 0.1084, 0.9055 -0.6942 0.0865, 0.9055 -0.7108 0.0807, 0.9055 -0.6574 0.1233, 0.9055 -0.9252 -0.4331, 0.7759 -0.6496 0.2352, 0.8754 -0.6496 0.2999, 0.7821 -0.6496 0.227, 0.8919 -0.6496 0.2714, 0.7861 -0.6496 0.2175, 0.9021 -0.6496 0.2401, 0.5093 -0.6496 0.4439, 0.6229 -0.6496 0.4764, 0.525 -0.6496 0.4059, 0.6255 -0.6496 0.4686, 0.6296 -0.6496 0.4615, 0.5501 -0.6496 0.3733, 0.6351 -0.6496 0.4554, 0.8534 -0.6496 0.3243, 0.9055 0.1969 0.0892, 0.7874 0.1969 0.0892, 0.9055 0.1969 0.2073, 0.7874 0.1969 0.2073, 0.9021 0.1969 0.2401, 0.7861 0.1969 0.2175, 0.8919 0.1969 0.2714, 0.7821 0.1969 0.227, 0.5093 0.1969 0.4439, 0.6229 0.1969 0.4764, 0.525 0.1969 0.4059, 0.6255 0.1969 0.4686, 0.6296 0.1969 0.4615, 0.5501 0.1969 0.3733, 0.6351 0.1969 0.4554, 0.5827 0.1969 0.3482, 0.6417 0.1969 0.4505, 0.7677 0.1969 0.2414, 0.8268 0.1969 0.3437, 0.7759 0.1969 0.2352, 0.8534 0.1969 0.3243, 0.8754 0.1969 0.2999, 0.7874 -0.1969 0.0892, 0.9055 -0.1969 0.0892, 0.7874 -0.1969 0.2073, 0.9055 -0.1969 0.2073, 0.7861 -0.1969 0.2175, 0.6229 -0.1969 0.4764, 0.5093 -0.1969 0.4439, 0.6255 -0.1969 0.4686, 0.525 -0.1969 0.4059, 0.9021 -0.1969 0.2401, 0.8919 -0.1969 0.2714, 0.7821 -0.1969 0.227, 0.8754 -0.1969 0.2999, 0.7759 -0.1969 0.2352, 0.8534 -0.1969 0.3243, 0.7677 -0.1969 0.2414, 0.8268 -0.1969 0.3437, 0.5827 -0.1969 0.3482, 0.6417 -0.1969 0.4505, 0.5501 -0.1969 0.3733, 0.6351 -0.1969 0.4554, 0.6296 -0.1969 0.4615, 0.9055 -0.1181 0.0105, 0.9055 0.1181 0.0105, 0.9055 0.1575 0.021, 0.9055 0.1738 0.0335, 0.9055 0.1863 0.0498, 0.9055 -0.1863 0.0498, 0.9055 -0.1738 0.0335, 0.9055 -0.1575 0.021, 0.9055 0.1385 0.0131, 0.9055 0.1942 0.0688, 0.9055 -0.1942 0.0688, 0.9055 -0.1385 0.0131, 0.7874 -0.1181 0.0105, 0.7874 0.1181 0.0105, 0.7874 -0.1385 0.0131, 0.7874 -0.1575 0.021, 0.7874 0.1942 0.0688, 0.7874 0.1575 0.021, 0.7874 0.1863 0.0498, 0.7874 0.1738 0.0335, 0.7874 0.1385 0.0131, 0.7874 -0.1738 0.0335, 0.7874 -0.1863 0.0498, 0.7874 -0.1942 0.0688, -0.7874 0.7677 0.0787, -0.7874 0.7881 0.0761, -0.7874 1.0433 0.23, -0.7874 0.8071 0.0682, -0.7874 0.8234 0.0557, -0.7874 0.8359 0.0394, -0.7874 0.9252 -0.4331, -0.7874 0.9646 -0.4331, -0.7874 1.0433 -0.3543, -0.7874 0.857 -0.3937, -0.7874 0.8695 -0.41, -0.7874 0.8858 -0.4225, -0.7874 0.9048 -0.4304, -0.7874 0.8465 -0.3543, -0.7874 0.8465 0.0, -0.7874 0.8438 0.0204, -0.7874 0.6496 0.23, -0.7874 0.6496 0.1575, -0.7874 0.7283 0.0787, -0.7874 0.6523 0.1371, -0.7874 0.6602 0.1181, -0.7874 0.6727 0.1018, -0.7874 0.689 0.0893, -0.7874 0.708 0.0814, -0.7874 0.9821 -0.4311, -0.7874 0.9987 -0.4253, -0.7874 1.0137 -0.4159, -0.7874 0.8491 -0.3747, -0.7874 1.0261 -0.4034, -0.7874 1.0355 -0.3885, -0.7874 1.0413 -0.3719, -0.9055 0.9252 -0.4331, -0.9055 0.9646 -0.4331, -0.9055 1.0433 0.2982, -0.9055 0.8359 0.0394, -0.9055 0.8234 0.0557, -0.9055 0.8465 -0.3543, -0.9055 0.8465 0.0, -0.9055 0.8438 0.0204, -0.9055 0.8071 0.0682, -0.9055 0.7881 0.0761, -0.9055 0.6496 0.2982, -0.9055 0.7677 0.0787, -0.9055 0.6496 0.1575, -0.9055 0.7283 0.0787, -0.9055 0.6523 0.1371, -0.9055 0.708 0.0814, -0.9055 0.689 0.0893, -0.9055 0.6727 0.1018, -0.9055 0.6602 0.1181, -0.9055 1.0433 -0.3543, -0.9055 1.0413 -0.3719, -0.9055 1.0355 -0.3885, -0.9055 1.0261 -0.4034, -0.9055 0.9048 -0.4304, -0.9055 0.8858 -0.4225, -0.9055 1.0137 -0.4159, -0.9055 0.9987 -0.4253, -0.9055 0.9821 -0.4311, -0.9055 0.8695 -0.41, -0.9055 0.857 -0.3937, -0.9055 0.8491 -0.3747, -0.5039 0.6496 0.5906, -0.622 0.6496 0.5906, -0.5039 0.6496 0.3937, -0.622 0.6496 0.4619, -0.5039 -0.6496 0.5906, -0.622 -0.6496 0.5906, -0.5039 -0.1969 0.5906, -0.622 -0.1969 0.5906, -0.622 0.1969 0.5906, -0.5039 0.1969 0.5906, -0.622 -1.0827 0.7375, -0.622 -1.1017 0.7453, -0.622 -0.4469 1.1246, -0.622 -0.7619 1.1246, -0.622 -1.046 0.6897, -0.622 -1.0539 0.7087, -0.622 -1.0664 0.725, -0.622 -0.6496 0.4846, -0.622 -1.0433 0.4846, -0.622 -1.0433 0.6693, -0.622 0.7619 1.1246, -0.622 0.4469 1.1246, -0.622 -0.7619 0.9672, -0.622 -0.4469 0.9672, -0.622 0.4469 0.9672, -0.622 -0.1969 0.4846, -0.622 0.1969 0.4846, -0.622 0.7619 0.9672, -0.622 1.0433 0.4619, -0.622 1.0433 0.6693, -0.622 1.046 0.6897, -0.622 1.0539 0.7087, -0.622 1.1017 0.7453, -0.622 1.0827 0.7375, -0.622 1.0664 0.725, -0.6102 1.3925 0.748, -0.5753 1.4924 0.748, -0.519 1.582 0.748, -0.519 -1.582 0.748, -0.5753 -1.4924 0.748, -0.6102 -1.3925 0.748, -0.2413 -1.6297 0.748, -0.3268 -1.5943 0.748, -0.4002 -1.538 0.748, -0.4565 -1.4646 0.748, -0.4919 -1.3791 0.748, -0.5039 -1.1017 0.7453, -0.5039 -1.0827 0.7375, -0.5039 -1.0664 0.725, -0.5039 -1.0539 0.7087, -0.5039 -1.0433 0.4846, -0.5039 -0.6496 0.4846, -0.5039 -1.0433 0.6693, -0.5039 -1.046 0.6897, -0.5039 1.1017 0.7453, -0.5039 -0.1969 0.4846, -0.5039 0.1969 0.4846, -0.5039 1.046 0.6897, -0.5039 1.0539 0.7087, -0.5039 1.0433 0.3937, -0.5039 1.0433 0.6693, -0.5039 1.0664 0.725, -0.5039 1.0827 0.7375, -0.4919 1.3791 0.748, -0.4565 1.4646 0.748, -0.4002 1.538 0.748, -0.3268 1.5943 0.748, -0.2413 1.6297 0.748, -0.5093 -1.0433 0.4439, -0.6229 -1.0433 0.4764, -0.525 -1.0433 0.4059, -0.9055 -1.0433 -0.3543, -0.7874 -1.0433 -0.3543, -0.9055 -1.0433 0.2073, -0.7874 -1.0433 0.2073, -0.9001 -1.0433 0.2481, -0.7861 -1.0433 0.2175, -0.8844 -1.0433 0.2861, -0.7821 -1.0433 0.227, -0.8594 -1.0433 0.3187, -0.7759 -1.0433 0.2352, -0.8268 -1.0433 0.3437, -0.7677 -1.0433 0.2414, -0.6417 -1.0433 0.4505, -0.5827 -1.0433 0.3482, -0.6351 -1.0433 0.4554, -0.5501 -1.0433 0.3733, -0.6296 -1.0433 0.4615, -0.6255 -1.0433 0.4686, -0.7874 -0.8465 -0.3543, -0.7874 -0.8465 0.0, -0.7874 -0.8438 0.0204, -0.7874 -0.8359 0.0394, -0.7874 -0.8234 0.0557, -0.7874 -0.708 0.0814, -0.7874 -0.689 0.0893, -0.7874 -0.7283 0.0787, -0.7874 -0.6727 0.1018, -0.7874 -0.6602 0.1181, -0.7874 -0.8071 0.0682, -0.7874 -0.7881 0.0761, -0.7874 -0.6496 0.2073, -0.7874 -0.7677 0.0787, -0.7874 -0.6496 0.1575, -0.7874 -0.6523 0.1371, -0.7874 -1.0039 -0.4225, -0.7874 -1.0202 -0.41, -0.7874 -1.0406 -0.3747, -0.7874 -1.0328 -0.3937, -0.7874 -0.8491 -0.3747, -0.7874 -0.9252 -0.4331, -0.7874 -0.9646 -0.4331, -0.7874 -0.9849 -0.4304, -0.7874 -0.9048 -0.4304, -0.7874 -0.8858 -0.4225, -0.7874 -0.857 -0.3937, -0.7874 -0.8695 -0.41, -0.7677 -0.6496 0.2414, -0.5827 -0.6496 0.3482, -0.6417 -0.6496 0.4505, -0.8268 -0.6496 0.3437, -0.9055 -0.8359 0.0394, -0.9055 -0.8438 0.0204, -0.9055 -0.7881 0.0761, -0.9055 -0.8071 0.0682, -0.9055 -0.8234 0.0557, -0.9055 -0.7283 0.0787, -0.9055 -0.7677 0.0787, -0.9055 -0.6496 0.1575, -0.9055 -0.6496 0.2073, -0.9055 -0.8465 0.0, -0.9055 -0.8465 -0.3543, -0.9055 -0.9252 -0.4331, -0.9055 -0.857 -0.3937, -0.9055 -0.8695 -0.41, -0.9055 -0.8858 -0.4225, -0.9055 -0.8491 -0.3747, -0.9055 -0.9048 -0.4304, -0.9055 -0.9849 -0.4304, -0.9055 -1.0039 -0.4225, -0.9055 -1.0202 -0.41, -0.9055 -1.0406 -0.3747, -0.9055 -1.0328 -0.3937, -0.9055 -0.6602 0.1181, -0.9055 -0.6727 0.1018, -0.9055 -0.689 0.0893, -0.9055 -0.9646 -0.4331, -0.9055 -0.6523 0.1371, -0.9055 -0.708 0.0814, -0.7861 -0.6496 0.2175, -0.9001 -0.6496 0.2481, -0.7821 -0.6496 0.227, -0.8844 -0.6496 0.2861, -0.7759 -0.6496 0.2352, -0.8594 -0.6496 0.3187, -0.5501 -0.6496 0.3733, -0.6351 -0.6496 0.4554, -0.525 -0.6496 0.4059, -0.6229 -0.6496 0.4764, -0.5093 -0.6496 0.4439, -0.6255 -0.6496 0.4686, -0.6296 -0.6496 0.4615, -0.6229 0.1969 0.4764, -0.5093 0.1969 0.4439, -0.6255 0.1969 0.4686, -0.525 0.1969 0.4059, -0.7874 0.1969 0.0892, -0.9055 0.1969 0.0892, -0.7874 0.1969 0.2073, -0.9055 0.1969 0.2073, -0.7861 0.1969 0.2175, -0.9021 0.1969 0.2401, -0.7821 0.1969 0.227, -0.8919 0.1969 0.2714, -0.8754 0.1969 0.2999, -0.7759 0.1969 0.2352, -0.8534 0.1969 0.3243, -0.7677 0.1969 0.2414, -0.8268 0.1969 0.3437, -0.5827 0.1969 0.3482, -0.6417 0.1969 0.4505, -0.5501 0.1969 0.3733, -0.6351 0.1969 0.4554, -0.6296 0.1969 0.4615, -0.7759 -0.1969 0.2352, -0.8754 -0.1969 0.2999, -0.7821 -0.1969 0.227, -0.8919 -0.1969 0.2714, -0.7861 -0.1969 0.2175, -0.9021 -0.1969 0.2401, -0.7874 -0.1969 0.2073, -0.9055 -0.1969 0.2073, -0.7874 -0.1969 0.0892, -0.9055 -0.1969 0.0892, -0.5093 -0.1969 0.4439, -0.6229 -0.1969 0.4764, -0.525 -0.1969 0.4059, -0.6255 -0.1969 0.4686, -0.6296 -0.1969 0.4615, -0.5501 -0.1969 0.3733, -0.6351 -0.1969 0.4554, -0.5827 -0.1969 0.3482, -0.6417 -0.1969 0.4505, -0.7677 -0.1969 0.2414, -0.8268 -0.1969 0.3437, -0.8534 -0.1969 0.3243, -0.9055 -0.1942 0.0688, -0.9055 -0.1181 0.0105, -0.9055 0.1181 0.0105, -0.9055 -0.1385 0.0131, -0.9055 -0.1575 0.021, -0.9055 -0.1738 0.0335, -0.9055 -0.1863 0.0498, -0.9055 0.1575 0.021, -0.9055 0.1942 0.0688, -0.9055 0.1738 0.0335, -0.9055 0.1863 0.0498, -0.9055 0.1385 0.0131, -0.7874 -0.1181 0.0105, -0.7874 0.1181 0.0105, -0.7874 -0.1575 0.021, -0.7874 -0.1385 0.0131, -0.7874 -0.1942 0.0688, -0.7874 0.1385 0.0131, -0.7874 0.1575 0.021, -0.7874 -0.1863 0.0498, -0.7874 -0.1738 0.0335, -0.7874 0.1738 0.0335, -0.7874 0.1863 0.0498, -0.7874 0.1942 0.0688
            ]
        }
        coordIndex [
            0,1,2,-1,3,4,5,-1,6,2,7,-1,7,2,8,-1,9,10,11,-1,11,10,12,-1,11,12,13,-1,10,14,15,-1,15,14,16,-1,15,16,17,-1,8,2,18,-1,18,2,1,-1,18,1,19,-1,19,1,20,-1,19,20,21,-1,22,20,23,-1,23,20,24,-1,25,26,22,-1,22,26,27,-1,22,27,20,-1,20,27,28,-1,20,28,21,-1,5,13,3,-1,3,13,12,-1,3,12,2,-1,2,12,17,-1,2,17,0,-1,0,17,16,-1,0,16,24,-1,24,16,29,-1,24,29,23,-1,23,29,30,-1,31,32,33,-1,33,32,14,-1,33,14,34,-1,34,14,10,-1,34,10,35,-1,35,10,9,-1,36,37,38,-1,38,37,6,-1,38,6,39,-1,39,6,7,-1,40,41,42,-1,42,41,43,-1,42,43,44,-1,44,43,45,-1,46,47,48,-1,49,50,51,-1,46,48,52,-1,51,53,49,-1,49,53,54,-1,49,54,55,-1,55,54,56,-1,55,56,57,-1,57,56,58,-1,57,58,48,-1,48,58,59,-1,48,59,52,-1,60,61,62,-1,62,61,63,-1,62,63,64,-1,64,63,65,-1,66,5,67,-1,67,5,4,-1,67,4,68,-1,68,4,69,-1,70,71,72,-1,70,72,73,-1,74,75,76,-1,76,77,74,-1,74,77,78,-1,74,78,79,-1,79,78,80,-1,79,80,81,-1,81,80,82,-1,81,82,72,-1,72,82,83,-1,72,83,73,-1,84,85,56,-1,56,85,58,-1,86,87,88,-1,88,87,89,-1,88,89,90,-1,90,89,91,-1,90,91,92,-1,92,91,93,-1,92,93,94,-1,94,93,85,-1,94,85,95,-1,95,85,84,-1,95,84,96,-1,96,84,97,-1,96,97,98,-1,98,97,99,-1,98,99,100,-1,101,102,103,-1,103,102,104,-1,103,104,105,-1,105,104,106,-1,105,106,107,-1,107,106,108,-1,107,108,109,-1,109,108,3,-1,109,3,110,-1,110,3,2,-1,110,2,111,-1,111,2,112,-1,111,112,86,-1,86,112,113,-1,86,113,87,-1,99,114,100,-1,100,114,115,-1,100,115,116,-1,116,115,117,-1,116,117,118,-1,118,117,119,-1,118,119,120,-1,120,119,121,-1,120,121,122,-1,122,121,123,-1,122,123,124,-1,124,123,125,-1,124,125,126,-1,126,125,127,-1,126,127,128,-1,127,129,128,-1,128,129,130,-1,128,130,131,-1,131,130,132,-1,131,132,133,-1,133,132,134,-1,133,134,135,-1,135,134,136,-1,135,136,137,-1,137,136,138,-1,137,138,139,-1,139,138,140,-1,139,140,101,-1,101,140,141,-1,101,141,102,-1,82,80,136,-1,136,80,138,-1,135,137,81,-1,81,137,79,-1,55,57,95,-1,95,57,94,-1,142,143,144,-1,144,143,145,-1,144,145,146,-1,147,148,149,-1,149,148,144,-1,150,151,152,-1,153,154,155,-1,142,144,151,-1,151,144,148,-1,151,148,152,-1,156,157,158,-1,159,160,161,-1,147,149,155,-1,155,149,162,-1,155,162,153,-1,146,163,144,-1,144,163,164,-1,144,164,165,-1,165,164,166,-1,165,166,161,-1,161,166,167,-1,161,167,159,-1,150,152,158,-1,158,152,168,-1,158,168,156,-1,169,170,160,-1,160,170,171,-1,160,171,161,-1,172,173,148,-1,148,173,152,-1,174,175,176,-1,175,177,176,-1,176,177,178,-1,176,178,179,-1,176,180,174,-1,174,180,181,-1,174,181,182,-1,182,181,183,-1,184,185,186,-1,187,188,173,-1,176,173,189,-1,189,173,172,-1,179,190,176,-1,176,190,191,-1,176,191,173,-1,173,191,192,-1,173,192,187,-1,183,181,186,-1,186,181,193,-1,186,193,184,-1,188,194,173,-1,173,194,195,-1,173,195,196,-1,197,198,199,-1,172,200,189,-1,189,200,197,-1,189,197,201,-1,201,197,199,-1,161,181,165,-1,165,181,180,-1,165,180,202,-1,202,180,25,-1,202,25,203,-1,203,25,22,-1,14,204,16,-1,16,204,205,-1,22,23,203,-1,203,23,206,-1,2,6,37,-1,2,37,112,-1,37,207,112,-1,112,207,208,-1,112,208,113,-1,113,208,209,-1,113,209,87,-1,87,209,47,-1,87,47,89,-1,47,46,89,-1,89,46,52,-1,89,52,91,-1,91,52,59,-1,91,59,93,-1,93,59,58,-1,93,58,85,-1,4,3,69,-1,69,3,108,-1,69,108,210,-1,210,108,106,-1,210,106,211,-1,211,106,104,-1,211,104,212,-1,212,104,75,-1,75,104,102,-1,75,102,76,-1,76,102,141,-1,76,141,77,-1,77,141,140,-1,77,140,78,-1,78,140,138,-1,78,138,80,-1,109,67,68,-1,109,68,107,-1,107,68,213,-1,107,213,105,-1,105,213,214,-1,105,214,103,-1,103,214,215,-1,103,215,101,-1,101,215,216,-1,101,216,139,-1,79,137,74,-1,74,137,139,-1,74,139,217,-1,217,139,216,-1,218,219,204,-1,218,204,220,-1,221,222,203,-1,203,222,223,-1,203,223,224,-1,110,38,39,-1,225,226,206,-1,206,226,205,-1,39,221,110,-1,110,221,203,-1,110,203,109,-1,67,109,66,-1,66,109,227,-1,228,229,204,-1,204,229,230,-1,204,230,220,-1,231,202,232,-1,232,202,203,-1,232,203,233,-1,233,203,224,-1,219,234,204,-1,204,234,227,-1,204,227,205,-1,205,227,109,-1,205,109,206,-1,206,109,203,-1,94,57,48,-1,94,48,92,-1,92,48,235,-1,92,235,90,-1,90,235,236,-1,90,236,88,-1,88,236,237,-1,88,237,86,-1,86,237,238,-1,86,238,111,-1,38,110,36,-1,36,110,111,-1,36,111,239,-1,239,111,238,-1,232,27,231,-1,231,27,26,-1,231,26,144,-1,144,26,176,-1,144,176,149,-1,149,176,189,-1,240,241,242,-1,242,241,243,-1,242,243,244,-1,33,230,31,-1,31,230,229,-1,31,229,245,-1,245,229,246,-1,245,246,247,-1,247,246,248,-1,243,249,244,-1,244,249,250,-1,244,250,251,-1,251,250,252,-1,251,252,253,-1,253,252,254,-1,253,254,255,-1,255,254,256,-1,255,256,257,-1,257,256,258,-1,257,258,259,-1,259,258,260,-1,259,260,248,-1,248,260,261,-1,248,261,247,-1,262,263,242,-1,242,263,264,-1,265,266,267,-1,268,269,270,-1,270,269,271,-1,270,271,242,-1,242,271,272,-1,242,272,262,-1,242,267,240,-1,240,267,273,-1,240,273,274,-1,264,275,242,-1,242,275,276,-1,242,276,267,-1,267,276,277,-1,267,277,278,-1,268,279,269,-1,269,279,280,-1,269,280,281,-1,281,282,269,-1,269,282,283,-1,269,283,284,-1,278,285,267,-1,267,285,286,-1,267,286,265,-1,287,288,289,-1,287,289,273,-1,273,289,290,-1,273,290,274,-1,291,292,257,-1,257,292,255,-1,293,294,256,-1,256,294,258,-1,295,296,243,-1,296,297,243,-1,243,297,298,-1,243,298,299,-1,300,243,241,-1,299,301,243,-1,243,301,302,-1,243,302,303,-1,303,302,304,-1,303,304,305,-1,305,304,306,-1,305,306,307,-1,300,308,309,-1,309,308,310,-1,241,311,300,-1,300,311,312,-1,300,312,308,-1,313,314,295,-1,295,314,315,-1,295,315,316,-1,316,315,317,-1,318,319,320,-1,320,319,321,-1,321,319,306,-1,306,319,322,-1,306,322,307,-1,243,300,295,-1,295,300,323,-1,295,323,313,-1,273,267,300,-1,300,267,323,-1,324,325,326,-1,326,325,327,-1,326,327,328,-1,328,327,329,-1,328,329,270,-1,270,329,303,-1,270,303,268,-1,268,303,305,-1,204,14,228,-1,228,14,32,-1,228,32,330,-1,330,32,331,-1,330,331,332,-1,331,333,332,-1,332,333,334,-1,332,334,335,-1,335,334,336,-1,335,336,291,-1,291,336,294,-1,291,294,292,-1,292,294,293,-1,292,293,324,-1,324,293,337,-1,324,337,325,-1,277,276,295,-1,295,276,296,-1,306,304,269,-1,269,304,271,-1,255,292,253,-1,253,292,324,-1,253,324,251,-1,251,324,326,-1,251,326,244,-1,244,326,328,-1,244,328,242,-1,242,328,270,-1,32,31,331,-1,331,31,245,-1,331,245,333,-1,333,245,247,-1,333,247,334,-1,334,247,261,-1,334,261,336,-1,336,261,260,-1,336,260,294,-1,294,260,258,-1,293,256,254,-1,293,254,337,-1,337,254,252,-1,337,252,325,-1,325,252,250,-1,325,250,327,-1,327,250,249,-1,327,249,329,-1,329,249,243,-1,329,243,303,-1,229,228,330,-1,229,330,246,-1,246,330,332,-1,246,332,248,-1,248,332,335,-1,248,335,259,-1,259,335,291,-1,259,291,257,-1,306,269,284,-1,306,284,321,-1,321,284,283,-1,321,283,320,-1,320,283,282,-1,320,282,318,-1,318,282,281,-1,318,281,319,-1,319,281,280,-1,319,280,322,-1,322,280,279,-1,322,279,307,-1,307,279,268,-1,307,268,305,-1,241,240,274,-1,241,274,311,-1,311,274,290,-1,311,290,312,-1,312,290,289,-1,312,289,308,-1,308,289,288,-1,308,288,310,-1,310,288,287,-1,310,287,309,-1,309,287,273,-1,309,273,300,-1,277,295,316,-1,277,316,278,-1,278,316,317,-1,278,317,285,-1,285,317,315,-1,285,315,286,-1,286,315,314,-1,286,314,265,-1,265,314,313,-1,265,313,266,-1,266,313,323,-1,266,323,267,-1,296,276,297,-1,297,276,275,-1,297,275,298,-1,298,275,264,-1,298,264,299,-1,299,264,263,-1,299,263,301,-1,301,263,262,-1,301,262,302,-1,302,262,272,-1,302,272,304,-1,304,272,271,-1,338,339,340,-1,340,339,341,-1,340,341,342,-1,342,341,343,-1,342,343,344,-1,344,343,345,-1,206,23,225,-1,225,23,30,-1,225,30,346,-1,346,30,347,-1,346,347,348,-1,347,349,348,-1,348,349,350,-1,348,350,351,-1,351,350,352,-1,351,352,353,-1,353,352,354,-1,353,354,355,-1,355,354,356,-1,355,356,357,-1,357,356,358,-1,357,358,345,-1,345,358,359,-1,345,359,344,-1,360,361,362,-1,362,361,363,-1,362,363,364,-1,16,205,29,-1,29,205,226,-1,29,226,365,-1,365,226,366,-1,365,366,367,-1,367,366,368,-1,363,369,364,-1,364,369,370,-1,364,370,371,-1,371,370,372,-1,371,372,373,-1,373,372,374,-1,373,374,375,-1,375,374,376,-1,375,376,377,-1,377,376,378,-1,377,378,379,-1,379,378,380,-1,379,380,368,-1,368,380,381,-1,368,381,367,-1,30,29,347,-1,347,29,365,-1,347,365,349,-1,349,365,367,-1,349,367,350,-1,350,367,381,-1,350,381,352,-1,352,381,380,-1,352,380,354,-1,354,380,378,-1,356,354,376,-1,376,354,378,-1,356,376,374,-1,356,374,358,-1,358,374,372,-1,358,372,359,-1,359,372,370,-1,359,370,344,-1,344,370,369,-1,344,369,342,-1,342,369,363,-1,342,363,340,-1,340,363,361,-1,361,382,340,-1,340,382,383,-1,340,383,338,-1,384,385,386,-1,387,388,389,-1,383,390,338,-1,338,390,384,-1,338,384,391,-1,391,384,386,-1,361,392,382,-1,382,392,387,-1,382,387,393,-1,393,387,389,-1,394,395,382,-1,382,395,383,-1,362,341,360,-1,360,341,339,-1,396,397,360,-1,339,398,399,-1,399,398,400,-1,399,400,401,-1,399,402,339,-1,339,402,395,-1,339,395,360,-1,360,395,394,-1,360,394,396,-1,397,403,360,-1,360,403,404,-1,360,404,405,-1,341,362,343,-1,343,362,364,-1,343,364,345,-1,345,364,371,-1,345,371,357,-1,357,371,373,-1,357,373,355,-1,355,373,375,-1,353,355,377,-1,377,355,375,-1,353,377,379,-1,353,379,351,-1,351,379,368,-1,351,368,348,-1,348,368,366,-1,348,366,346,-1,346,366,226,-1,346,226,225,-1,25,180,26,-1,26,180,176,-1,165,202,144,-1,144,202,231,-1,192,191,151,-1,151,191,142,-1,167,166,182,-1,182,166,174,-1,167,182,183,-1,167,183,159,-1,159,183,186,-1,159,186,160,-1,160,186,185,-1,160,185,169,-1,169,185,184,-1,169,184,170,-1,170,184,193,-1,170,193,171,-1,171,193,181,-1,171,181,161,-1,149,189,201,-1,149,201,162,-1,162,201,199,-1,162,199,153,-1,153,199,198,-1,153,198,154,-1,154,198,197,-1,154,197,155,-1,155,197,200,-1,155,200,147,-1,147,200,172,-1,147,172,148,-1,152,173,196,-1,152,196,168,-1,168,196,195,-1,168,195,156,-1,156,195,194,-1,156,194,157,-1,157,194,188,-1,157,188,158,-1,158,188,187,-1,158,187,150,-1,150,187,192,-1,150,192,151,-1,174,166,175,-1,175,166,164,-1,175,164,177,-1,177,164,163,-1,177,163,178,-1,178,163,146,-1,178,146,179,-1,179,146,145,-1,179,145,190,-1,190,145,143,-1,190,143,191,-1,191,143,142,-1,406,407,408,-1,407,409,408,-1,408,409,410,-1,408,410,411,-1,412,413,414,-1,415,416,417,-1,418,412,419,-1,419,412,414,-1,419,414,420,-1,420,414,408,-1,420,408,421,-1,421,408,411,-1,408,422,406,-1,406,422,423,-1,406,423,424,-1,424,423,425,-1,424,425,426,-1,426,427,424,-1,424,427,428,-1,424,428,429,-1,413,430,414,-1,414,430,431,-1,414,431,432,-1,418,419,417,-1,417,419,433,-1,417,433,415,-1,432,434,414,-1,414,434,435,-1,414,435,436,-1,437,438,412,-1,412,438,413,-1,439,440,441,-1,442,443,439,-1,439,443,444,-1,439,444,440,-1,441,445,439,-1,439,445,446,-1,439,446,447,-1,447,446,448,-1,447,448,449,-1,449,448,450,-1,449,450,451,-1,451,450,452,-1,452,453,451,-1,451,453,454,-1,451,454,455,-1,456,457,438,-1,438,457,458,-1,438,458,459,-1,456,438,439,-1,439,438,437,-1,439,437,442,-1,442,437,460,-1,442,460,461,-1,459,462,438,-1,438,462,463,-1,438,463,464,-1,465,466,461,-1,461,466,467,-1,461,467,442,-1,468,469,470,-1,470,469,471,-1,470,471,422,-1,422,471,447,-1,422,447,423,-1,423,447,449,-1,472,473,474,-1,474,473,475,-1,476,469,477,-1,477,469,468,-1,478,479,473,-1,121,480,123,-1,123,480,481,-1,482,483,473,-1,473,483,484,-1,473,484,478,-1,485,486,473,-1,473,486,487,-1,473,487,482,-1,121,488,489,-1,63,123,65,-1,65,123,481,-1,65,481,479,-1,479,481,490,-1,479,490,473,-1,473,490,491,-1,473,491,475,-1,121,489,480,-1,480,489,492,-1,480,492,491,-1,493,475,494,-1,494,475,491,-1,494,491,476,-1,476,491,492,-1,476,492,469,-1,469,492,495,-1,496,471,497,-1,497,471,469,-1,497,469,498,-1,498,469,495,-1,498,495,499,-1,43,41,121,-1,121,41,500,-1,121,500,488,-1,488,500,501,-1,488,501,495,-1,495,501,502,-1,495,502,499,-1,84,56,54,-1,84,54,97,-1,97,54,53,-1,97,53,99,-1,99,53,51,-1,99,51,114,-1,114,51,50,-1,114,50,115,-1,43,121,45,-1,45,121,119,-1,45,119,503,-1,503,119,117,-1,503,117,504,-1,504,117,115,-1,504,115,505,-1,505,115,50,-1,82,136,134,-1,82,134,83,-1,83,134,132,-1,83,132,73,-1,73,132,130,-1,73,130,70,-1,70,130,71,-1,71,130,129,-1,71,129,506,-1,506,129,127,-1,506,127,507,-1,507,127,125,-1,507,125,508,-1,508,125,61,-1,61,125,123,-1,61,123,63,-1,135,81,72,-1,135,72,133,-1,133,72,509,-1,133,509,131,-1,131,509,510,-1,131,510,128,-1,128,510,511,-1,128,511,126,-1,126,511,512,-1,126,512,124,-1,62,122,60,-1,60,122,124,-1,60,124,513,-1,513,124,512,-1,514,515,472,-1,472,515,516,-1,472,516,517,-1,122,62,64,-1,40,42,120,-1,518,519,520,-1,520,519,472,-1,520,472,521,-1,521,472,517,-1,474,120,472,-1,472,120,122,-1,472,122,514,-1,514,122,64,-1,477,468,522,-1,523,524,474,-1,474,524,477,-1,474,477,120,-1,120,477,522,-1,120,522,40,-1,468,525,526,-1,470,527,468,-1,468,527,528,-1,468,528,525,-1,526,529,468,-1,468,529,530,-1,468,530,522,-1,120,42,44,-1,120,44,118,-1,118,44,531,-1,118,531,116,-1,116,531,532,-1,116,532,100,-1,100,532,533,-1,100,533,98,-1,98,533,534,-1,98,534,96,-1,55,95,49,-1,49,95,96,-1,49,96,535,-1,535,96,534,-1,414,456,408,-1,408,456,439,-1,408,439,527,-1,527,439,496,-1,527,496,528,-1,528,496,497,-1,520,487,518,-1,518,487,486,-1,518,486,536,-1,536,486,537,-1,536,537,538,-1,539,540,541,-1,541,540,542,-1,541,542,543,-1,543,542,544,-1,543,544,545,-1,545,544,546,-1,545,546,547,-1,547,546,548,-1,547,548,549,-1,549,548,550,-1,549,550,551,-1,551,550,552,-1,551,552,553,-1,553,552,554,-1,553,554,555,-1,555,554,538,-1,555,538,556,-1,556,538,537,-1,557,558,542,-1,558,559,542,-1,542,559,560,-1,542,560,561,-1,562,563,564,-1,564,563,565,-1,564,565,566,-1,561,567,542,-1,542,567,568,-1,542,568,569,-1,569,568,570,-1,569,570,571,-1,571,570,564,-1,571,564,572,-1,572,564,566,-1,573,540,574,-1,574,540,575,-1,574,575,576,-1,577,557,578,-1,578,557,542,-1,578,542,579,-1,579,542,540,-1,579,540,580,-1,580,540,573,-1,578,581,577,-1,577,581,582,-1,577,582,583,-1,583,582,584,-1,585,586,550,-1,550,586,552,-1,587,588,551,-1,551,588,549,-1,541,589,590,-1,591,592,541,-1,541,592,593,-1,541,593,589,-1,594,595,596,-1,591,541,595,-1,595,541,597,-1,595,597,596,-1,598,599,600,-1,601,602,603,-1,599,604,600,-1,600,604,601,-1,600,601,605,-1,605,601,603,-1,606,607,539,-1,539,607,608,-1,539,608,609,-1,609,608,610,-1,611,612,613,-1,590,598,541,-1,541,598,600,-1,541,600,539,-1,539,600,614,-1,539,614,606,-1,596,615,594,-1,594,615,611,-1,594,611,616,-1,616,611,613,-1,578,579,600,-1,600,579,614,-1,571,596,569,-1,569,596,597,-1,569,597,617,-1,617,597,618,-1,617,618,619,-1,619,618,620,-1,619,620,621,-1,621,620,622,-1,621,622,585,-1,585,622,588,-1,585,588,586,-1,586,588,587,-1,586,587,623,-1,623,587,624,-1,623,624,625,-1,473,472,485,-1,485,472,519,-1,485,519,626,-1,626,519,627,-1,626,627,628,-1,628,627,625,-1,628,625,629,-1,629,625,624,-1,558,557,598,-1,598,557,599,-1,595,594,570,-1,570,594,564,-1,542,569,544,-1,544,569,617,-1,544,617,546,-1,546,617,619,-1,546,619,548,-1,548,619,621,-1,548,621,550,-1,550,621,585,-1,587,551,624,-1,624,551,553,-1,624,553,629,-1,629,553,555,-1,629,555,628,-1,628,555,556,-1,628,556,626,-1,626,556,537,-1,626,537,485,-1,485,537,486,-1,597,541,543,-1,597,543,618,-1,618,543,545,-1,618,545,620,-1,620,545,547,-1,620,547,622,-1,622,547,549,-1,622,549,588,-1,552,586,623,-1,552,623,554,-1,554,623,625,-1,554,625,538,-1,538,625,627,-1,538,627,536,-1,536,627,519,-1,536,519,518,-1,596,571,572,-1,596,572,615,-1,615,572,566,-1,615,566,611,-1,611,566,565,-1,611,565,612,-1,612,565,563,-1,612,563,613,-1,613,563,562,-1,613,562,616,-1,616,562,564,-1,616,564,594,-1,614,579,580,-1,614,580,606,-1,606,580,573,-1,606,573,607,-1,607,573,574,-1,607,574,608,-1,608,574,576,-1,608,576,610,-1,610,576,575,-1,610,575,609,-1,609,575,540,-1,609,540,539,-1,578,600,605,-1,578,605,581,-1,581,605,603,-1,581,603,582,-1,582,603,602,-1,582,602,584,-1,584,602,601,-1,584,601,583,-1,583,601,604,-1,583,604,577,-1,577,604,599,-1,577,599,557,-1,595,570,591,-1,591,570,568,-1,591,568,592,-1,592,568,567,-1,592,567,593,-1,593,567,561,-1,593,561,589,-1,589,561,560,-1,589,560,590,-1,590,560,559,-1,590,559,598,-1,598,559,558,-1,476,477,494,-1,494,477,524,-1,494,524,630,-1,630,524,631,-1,630,631,632,-1,632,631,633,-1,634,635,636,-1,636,635,637,-1,636,637,638,-1,638,637,639,-1,638,639,640,-1,639,641,640,-1,640,641,642,-1,640,642,643,-1,643,642,644,-1,643,644,645,-1,645,644,646,-1,645,646,647,-1,647,646,648,-1,647,648,649,-1,649,648,650,-1,649,650,633,-1,633,650,651,-1,633,651,632,-1,652,653,654,-1,654,653,655,-1,654,655,656,-1,656,655,657,-1,656,657,658,-1,658,657,659,-1,658,659,660,-1,660,659,661,-1,474,475,523,-1,523,475,493,-1,523,493,662,-1,662,493,663,-1,662,663,664,-1,663,665,664,-1,664,665,666,-1,664,666,667,-1,667,666,668,-1,667,668,669,-1,669,668,670,-1,669,670,671,-1,671,670,672,-1,671,672,652,-1,652,672,673,-1,652,673,653,-1,648,670,650,-1,650,670,668,-1,650,668,651,-1,651,668,666,-1,651,666,632,-1,632,666,665,-1,632,665,630,-1,630,665,663,-1,630,663,494,-1,494,663,493,-1,648,646,670,-1,670,646,672,-1,637,659,657,-1,637,657,639,-1,639,657,655,-1,639,655,641,-1,641,655,653,-1,641,653,642,-1,642,653,673,-1,642,673,644,-1,644,673,672,-1,644,672,646,-1,674,661,675,-1,675,661,676,-1,677,678,679,-1,677,679,675,-1,675,679,680,-1,675,680,674,-1,681,682,683,-1,683,682,684,-1,659,637,661,-1,661,637,635,-1,661,635,676,-1,676,635,682,-1,676,682,685,-1,685,682,681,-1,675,676,686,-1,686,676,687,-1,634,636,658,-1,688,689,686,-1,658,660,686,-1,686,660,690,-1,691,692,634,-1,690,693,686,-1,686,693,694,-1,686,694,688,-1,658,686,634,-1,634,686,687,-1,634,687,691,-1,695,696,692,-1,692,696,697,-1,692,697,634,-1,645,671,643,-1,643,671,652,-1,643,652,640,-1,640,652,654,-1,640,654,638,-1,638,654,656,-1,638,656,636,-1,636,656,658,-1,645,647,671,-1,671,647,669,-1,524,523,662,-1,524,662,631,-1,631,662,664,-1,631,664,633,-1,633,664,667,-1,633,667,649,-1,649,667,669,-1,649,669,647,-1,447,471,439,-1,439,471,496,-1,470,422,527,-1,527,422,408,-1,443,442,420,-1,420,442,419,-1,406,424,448,-1,448,424,450,-1,423,449,451,-1,423,451,425,-1,425,451,455,-1,425,455,426,-1,426,455,454,-1,426,454,427,-1,427,454,453,-1,427,453,428,-1,428,453,452,-1,428,452,429,-1,429,452,450,-1,429,450,424,-1,413,438,464,-1,413,464,430,-1,430,464,463,-1,430,463,431,-1,431,463,462,-1,431,462,432,-1,432,462,459,-1,432,459,434,-1,434,459,458,-1,434,458,435,-1,435,458,457,-1,435,457,436,-1,436,457,456,-1,436,456,414,-1,419,442,467,-1,419,467,433,-1,433,467,466,-1,433,466,415,-1,415,466,465,-1,415,465,416,-1,416,465,461,-1,416,461,417,-1,417,461,460,-1,417,460,418,-1,418,460,437,-1,418,437,412,-1,443,420,444,-1,444,420,421,-1,444,421,440,-1,440,421,411,-1,440,411,441,-1,441,411,410,-1,441,410,445,-1,445,410,409,-1,445,409,446,-1,446,409,407,-1,446,407,448,-1,448,407,406,-1,41,40,500,-1,500,40,522,-1,500,522,501,-1,501,522,530,-1,501,530,502,-1,502,530,529,-1,502,529,499,-1,499,529,526,-1,499,526,498,-1,498,526,525,-1,498,525,497,-1,497,525,528,-1,27,232,28,-1,28,232,233,-1,28,233,21,-1,21,233,224,-1,21,224,19,-1,19,224,223,-1,19,223,18,-1,18,223,222,-1,18,222,8,-1,8,222,221,-1,8,221,7,-1,7,221,39,-1,487,520,482,-1,482,520,521,-1,482,521,483,-1,483,521,517,-1,483,517,484,-1,484,517,516,-1,484,516,478,-1,478,516,515,-1,478,515,479,-1,479,515,514,-1,479,514,65,-1,65,514,64,-1,5,66,13,-1,13,66,227,-1,13,227,11,-1,11,227,234,-1,11,234,9,-1,9,234,219,-1,9,219,35,-1,35,219,218,-1,35,218,34,-1,34,218,220,-1,34,220,33,-1,33,220,230,-1,
        ]
    }
}
Shape{
    appearance Appearance {
        material  Material {
            diffuseColor 0.5019607843137255 0.5019607843137255 0.5019607843137255
            specularColor 0.25098039215686274 0.25098039215686274 0.25098039215686274
            ambientIntensity 0.502
            transparency 0.0
            shininess 0.5
        }
    }
    geometry IndexedFaceSet {
        ccw TRUE
        solid FALSE
        coord DEF co Coordinate {
            point [
                0.519 -1.582 0.748, 0.4708 -1.6339 0.748, 0.6693 -1.6339 0.748, 0.5753 -1.4924 0.748, 0.7453 -1.5755 0.748, 0.6102 -1.3925 0.748, 0.748 -1.5551 0.748, 0.621 -1.3189 0.748, 0.748 -1.3189 0.748, 0.7087 -1.6233 0.748, 0.725 -1.6108 0.748, 0.7375 -1.5945 0.748, 0.6897 -1.6312 0.748, 0.7375 1.5945 0.748, 0.725 1.6108 0.748, 0.5753 1.4924 0.748, 0.621 1.3189 0.748, 0.748 1.3189 0.748, 0.6102 1.3925 0.748, 0.748 1.5551 0.748, 0.7453 1.5755 0.748, 0.7087 1.6233 0.748, 0.6897 1.6312 0.748, 0.519 1.582 0.748, 0.6693 1.6339 0.748, 0.4708 1.6339 0.748, -0.7375 -1.5945 0.748, -0.725 -1.6108 0.748, -0.5753 -1.4924 0.748, -0.621 -1.3189 0.748, -0.748 -1.3189 0.748, -0.6102 -1.3925 0.748, -0.748 -1.5551 0.748, -0.7453 -1.5755 0.748, -0.7087 -1.6233 0.748, -0.6897 -1.6312 0.748, -0.519 -1.582 0.748, -0.6693 -1.6339 0.748, -0.4708 -1.6339 0.748, -0.748 -1.3189 0.0197, 0.4567 -1.3189 0.2756, 0.4567 -1.3189 0.748, 0.5025 -1.3189 0.748, -0.4567 -1.3189 0.2756, -0.5025 -1.3189 0.748, -0.4567 -1.3189 0.748, -0.3268 -1.3189 0.2756, -0.0688 -1.3189 0.2756, 0.748 -1.3189 0.0197, 0.1045 -1.3189 0.2756, -0.6693 -1.6339 0.0197, 0.6693 -1.6339 0.0197, 0.2239 -1.6339 0.748, -0.2239 -1.6339 0.748, -0.748 -1.5551 0.0197, 0.748 -1.5551 0.0197, -0.519 1.582 0.748, -0.4708 1.6339 0.748, -0.6693 1.6339 0.748, -0.7087 1.6233 0.748, -0.725 1.6108 0.748, -0.5753 1.4924 0.748, -0.748 1.3189 0.748, -0.621 1.3189 0.748, -0.748 1.5551 0.748, -0.6102 1.3925 0.748, -0.7453 1.5755 0.748, -0.7375 1.5945 0.748, -0.6897 1.6312 0.748, 0.0541 -1.5701 0.0197, 0.0766 -1.5529 0.0197, 0.0 -1.3681 0.0197, -0.1046 -1.5044 0.0197, -0.1083 -1.4764 0.0197, -0.6897 -1.6312 0.0197, -0.7087 -1.6233 0.0197, -0.725 -1.6108 0.0197, -0.7375 -1.5945 0.0197, -0.0938 -1.5305 0.0197, -0.0766 -1.5529 0.0197, -0.0541 -1.5701 0.0197, -0.028 -1.581 0.0197, 0.0 -1.5846 0.0197, 0.028 -1.581 0.0197, -0.028 -1.3718 0.0197, -0.0541 -1.3826 0.0197, -0.0766 -1.3998 0.0197, 0.0938 -1.4222 0.0197, 0.0766 -1.3998 0.0197, 0.1083 -1.4764 0.0197, 0.1046 -1.4484 0.0197, 0.0541 -1.3826 0.0197, 0.028 -1.3718 0.0197, -0.7453 -1.5755 0.0197, -0.1046 -1.4484 0.0197, -0.0938 -1.4222 0.0197, 0.7453 -1.5755 0.0197, 0.7375 -1.5945 0.0197, 0.725 -1.6108 0.0197, 0.0938 -1.5305 0.0197, 0.1046 -1.5044 0.0197, 0.6897 -1.6312 0.0197, 0.7087 -1.6233 0.0197, 0.4567 -1.2224 0.2756, 0.4567 -0.9843 0.2756, 0.4567 -0.7874 0.2756, 0.4567 -0.5906 0.2756, 0.4567 -0.3937 0.2756, 0.4567 -0.2069 0.2756, 0.4567 0.0532 0.2756, 0.4567 0.1455 0.2756, 0.4567 1.3189 0.748, 0.4567 -0.1576 0.2756, 0.4567 -0.0451 0.2756, 0.4567 0.0397 0.2756, 0.4567 0.2308 0.2756, 0.4567 0.3937 0.2756, 0.4567 0.5906 0.2756, 0.4567 0.7874 0.2756, 0.4567 0.9843 0.2756, 0.4567 1.3189 0.2756, -0.4567 1.3189 0.2756, -0.4567 0.9843 0.2756, -0.4567 1.3189 0.748, -0.4567 0.7874 0.2756, -0.4567 0.5906 0.2756, -0.4567 0.3937 0.2756, -0.4567 0.2308 0.2756, -0.4567 0.1455 0.2756, -0.4567 0.0532 0.2756, -0.4567 0.0397 0.2756, -0.4567 -0.0451 0.2756, -0.4567 -0.1576 0.2756, -0.4567 -0.2069 0.2756, -0.4567 -0.3937 0.2756, -0.4567 -0.5906 0.2756, -0.4567 -0.7874 0.2756, -0.4567 -0.9843 0.2756, -0.4567 -1.2224 0.2756, -0.3268 1.3189 0.2756, -0.748 1.3189 0.0197, 0.5025 1.3189 0.748, -0.5025 1.3189 0.748, 0.748 1.3189 0.0197, 0.1045 1.3189 0.2756, -0.0688 1.3189 0.2756, 0.6693 1.6339 0.0197, -0.6693 1.6339 0.0197, -0.2239 1.6339 0.748, 0.2239 1.6339 0.748, -0.748 1.5551 0.0197, 0.748 1.5551 0.0197, 0.0 1.5846 0.0197, -0.1083 1.4764 0.0197, -0.1046 1.4484 0.0197, -0.0938 1.4222 0.0197, -0.0766 1.3998 0.0197, -0.0541 1.3826 0.0197, -0.028 1.3718 0.0197, 0.0 1.3681 0.0197, 0.028 1.3718 0.0197, 0.0541 1.3826 0.0197, 0.0766 1.3998 0.0197, 0.1046 1.5044 0.0197, 0.0938 1.5305 0.0197, 0.0766 1.5529 0.0197, -0.028 1.581 0.0197, -0.0541 1.5701 0.0197, -0.0766 1.5529 0.0197, 0.0541 1.5701 0.0197, 0.028 1.581 0.0197, -0.7453 1.5755 0.0197, -0.7375 1.5945 0.0197, -0.725 1.6108 0.0197, -0.0938 1.5305 0.0197, -0.1046 1.5044 0.0197, -0.6897 1.6312 0.0197, -0.7087 1.6233 0.0197, 0.725 1.6108 0.0197, 0.7375 1.5945 0.0197, 0.1083 1.4764 0.0197, 0.7087 1.6233 0.0197, 0.0938 1.4222 0.0197, 0.1046 1.4484 0.0197, 0.7453 1.5755 0.0197, 0.6897 1.6312 0.0197, 0.1046 -1.4484 -0.3228, 0.0938 -1.4222 -0.3228, 0.0766 -1.3998 -0.3228, 0.0541 -1.3826 -0.3228, 0.028 -1.3718 -0.3228, 0.0 -1.3681 -0.3228, -0.028 -1.3718 -0.3228, -0.0541 -1.3826 -0.3228, -0.0766 -1.3998 -0.3228, -0.0938 -1.4222 -0.3228, -0.1046 -1.4484 -0.3228, -0.1083 -1.4764 -0.3228, -0.1046 -1.5044 -0.3228, -0.0938 -1.5305 -0.3228, -0.0766 -1.5529 -0.3228, -0.0541 -1.5701 -0.3228, -0.028 -1.581 -0.3228, 0.0 -1.5846 -0.3228, 0.028 -1.581 -0.3228, 0.0541 -1.5701 -0.3228, 0.0766 -1.5529 -0.3228, 0.0938 -1.5305 -0.3228, 0.1046 -1.5044 -0.3228, 0.1083 -1.4764 -0.3228, -0.0324 -1.4951 -0.3937, -0.0361 -1.4861 -0.3937, 0.0 -1.4764 -0.3937, -0.0374 -1.4764 -0.3937, -0.0361 -1.4667 -0.3937, -0.0097 -1.5125 -0.3937, -0.0187 -1.5088 -0.3937, -0.0264 -1.5028 -0.3937, 0.0187 -1.5088 -0.3937, 0.0097 -1.5125 -0.3937, 0.0 -1.5138 -0.3937, 0.0361 -1.4861 -0.3937, 0.0324 -1.4951 -0.3937, 0.0264 -1.5028 -0.3937, 0.0324 -1.4577 -0.3937, 0.0361 -1.4667 -0.3937, 0.0374 -1.4764 -0.3937, 0.0097 -1.4403 -0.3937, 0.0187 -1.444 -0.3937, 0.0264 -1.4499 -0.3937, -0.0187 -1.444 -0.3937, -0.0097 -1.4403 -0.3937, 0.0 -1.439 -0.3937, -0.0324 -1.4577 -0.3937, -0.0264 -1.4499 -0.3937, 0.1046 1.5044 -0.3228, 0.0938 1.5305 -0.3228, 0.0766 1.5529 -0.3228, 0.0541 1.5701 -0.3228, 0.028 1.581 -0.3228, 0.0 1.5846 -0.3228, -0.028 1.581 -0.3228, -0.0541 1.5701 -0.3228, -0.0766 1.5529 -0.3228, -0.0938 1.5305 -0.3228, -0.1046 1.5044 -0.3228, -0.1083 1.4764 -0.3228, -0.1046 1.4484 -0.3228, -0.0938 1.4222 -0.3228, -0.0766 1.3998 -0.3228, -0.0541 1.3826 -0.3228, -0.028 1.3718 -0.3228, 0.0 1.3681 -0.3228, 0.028 1.3718 -0.3228, 0.0541 1.3826 -0.3228, 0.0766 1.3998 -0.3228, 0.0938 1.4222 -0.3228, 0.1046 1.4484 -0.3228, 0.1083 1.4764 -0.3228, 0.0324 1.4951 -0.3937, 0.0361 1.4861 -0.3937, 0.0 1.4764 -0.3937, 0.0374 1.4764 -0.3937, 0.0361 1.4667 -0.3937, 0.0097 1.5125 -0.3937, 0.0187 1.5088 -0.3937, 0.0264 1.5028 -0.3937, -0.0187 1.5088 -0.3937, -0.0097 1.5125 -0.3937, 0.0 1.5138 -0.3937, -0.0361 1.4861 -0.3937, -0.0324 1.4951 -0.3937, -0.0264 1.5028 -0.3937, -0.0324 1.4577 -0.3937, -0.0361 1.4667 -0.3937, -0.0374 1.4764 -0.3937, -0.0097 1.4403 -0.3937, -0.0187 1.444 -0.3937, -0.0264 1.4499 -0.3937, 0.0187 1.444 -0.3937, 0.0097 1.4403 -0.3937, 0.0 1.439 -0.3937, 0.0324 1.4577 -0.3937, 0.0264 1.4499 -0.3937
            ]
        }
        coordIndex [
            0,1,2,-1,3,4,5,-1,5,4,6,-1,5,6,7,-1,7,6,8,-1,9,10,3,-1,3,10,11,-1,3,11,4,-1,0,2,3,-1,3,2,12,-1,3,12,9,-1,13,14,15,-1,16,17,18,-1,18,17,19,-1,18,19,15,-1,15,19,20,-1,15,20,13,-1,14,21,15,-1,15,21,22,-1,15,22,23,-1,23,22,24,-1,23,24,25,-1,26,27,28,-1,29,30,31,-1,31,30,32,-1,31,32,28,-1,28,32,33,-1,28,33,26,-1,27,34,28,-1,28,34,35,-1,28,35,36,-1,36,35,37,-1,36,37,38,-1,39,30,29,-1,40,41,42,-1,39,29,43,-1,43,29,44,-1,43,44,45,-1,43,46,39,-1,39,46,47,-1,39,47,48,-1,48,47,49,-1,48,49,40,-1,40,42,48,-1,48,42,7,-1,48,7,8,-1,38,37,50,-1,2,1,51,-1,51,1,52,-1,51,52,50,-1,50,52,53,-1,50,53,38,-1,32,30,54,-1,54,30,39,-1,55,48,6,-1,6,48,8,-1,56,57,58,-1,59,60,61,-1,62,63,64,-1,64,63,65,-1,64,65,66,-1,66,65,61,-1,66,61,67,-1,67,61,60,-1,56,58,61,-1,61,58,68,-1,61,68,59,-1,69,70,51,-1,71,39,48,-1,72,50,73,-1,73,50,74,-1,74,75,73,-1,73,75,76,-1,73,76,77,-1,72,78,50,-1,50,78,79,-1,50,79,80,-1,80,81,50,-1,50,81,82,-1,50,82,51,-1,51,82,83,-1,51,83,69,-1,71,84,39,-1,39,84,85,-1,39,85,86,-1,48,87,88,-1,55,89,48,-1,48,89,90,-1,48,90,87,-1,88,91,48,-1,48,91,92,-1,48,92,71,-1,77,93,73,-1,73,93,54,-1,73,54,94,-1,94,54,39,-1,94,39,95,-1,95,39,86,-1,55,96,89,-1,89,96,97,-1,89,97,98,-1,70,99,51,-1,51,99,100,-1,51,100,101,-1,101,100,89,-1,101,89,102,-1,102,89,98,-1,40,103,41,-1,41,103,104,-1,41,104,105,-1,105,106,41,-1,41,106,107,-1,41,107,108,-1,109,110,111,-1,108,112,41,-1,41,112,113,-1,41,113,111,-1,111,113,114,-1,111,114,109,-1,110,115,111,-1,111,115,116,-1,111,116,117,-1,117,118,111,-1,111,118,119,-1,111,119,120,-1,121,122,123,-1,123,122,124,-1,124,125,123,-1,123,125,126,-1,123,126,127,-1,127,128,123,-1,123,128,129,-1,123,129,45,-1,45,129,130,-1,130,131,45,-1,45,131,132,-1,45,132,133,-1,133,134,45,-1,45,134,135,-1,45,135,136,-1,136,137,45,-1,45,137,138,-1,45,138,43,-1,139,121,140,-1,141,111,120,-1,121,123,142,-1,141,120,16,-1,143,17,16,-1,121,142,140,-1,140,142,63,-1,140,63,62,-1,16,120,143,-1,143,120,144,-1,143,144,140,-1,140,144,145,-1,140,145,139,-1,25,24,146,-1,58,57,147,-1,147,57,148,-1,147,148,146,-1,146,148,149,-1,146,149,25,-1,150,140,64,-1,64,140,62,-1,19,17,151,-1,151,17,143,-1,152,147,146,-1,150,153,140,-1,140,153,154,-1,154,155,140,-1,140,155,156,-1,140,156,157,-1,157,158,140,-1,140,158,159,-1,140,159,143,-1,159,160,143,-1,143,160,161,-1,143,161,162,-1,163,164,146,-1,146,164,165,-1,152,166,147,-1,147,166,167,-1,147,167,168,-1,165,169,146,-1,146,169,170,-1,146,170,152,-1,150,171,153,-1,153,171,172,-1,153,172,173,-1,168,174,147,-1,147,174,175,-1,147,175,176,-1,176,175,153,-1,176,153,177,-1,177,153,173,-1,178,179,180,-1,178,180,181,-1,162,182,143,-1,143,182,183,-1,143,183,151,-1,151,183,180,-1,151,180,184,-1,184,180,179,-1,163,146,180,-1,180,146,185,-1,180,185,181,-1,146,24,22,-1,146,22,185,-1,185,22,21,-1,185,21,181,-1,181,21,14,-1,181,14,178,-1,178,14,13,-1,178,13,179,-1,179,13,20,-1,179,20,184,-1,184,20,19,-1,184,19,151,-1,150,64,66,-1,150,66,171,-1,171,66,67,-1,171,67,172,-1,172,67,60,-1,172,60,173,-1,173,60,59,-1,173,59,177,-1,177,59,68,-1,177,68,176,-1,176,68,58,-1,176,58,147,-1,50,37,35,-1,50,35,74,-1,74,35,34,-1,74,34,75,-1,75,34,27,-1,75,27,76,-1,76,27,26,-1,76,26,77,-1,77,26,33,-1,77,33,93,-1,93,33,32,-1,93,32,54,-1,55,6,4,-1,55,4,96,-1,96,4,11,-1,96,11,97,-1,97,11,10,-1,97,10,98,-1,98,10,9,-1,98,9,102,-1,102,9,12,-1,102,12,101,-1,101,12,2,-1,101,2,51,-1,89,186,90,-1,90,186,187,-1,90,187,87,-1,87,187,188,-1,87,188,88,-1,88,188,189,-1,88,189,91,-1,91,189,190,-1,91,190,92,-1,92,190,191,-1,92,191,71,-1,71,191,192,-1,71,192,84,-1,84,192,193,-1,84,193,85,-1,85,193,194,-1,85,194,86,-1,86,194,195,-1,86,195,95,-1,95,195,196,-1,95,196,94,-1,94,196,197,-1,94,197,73,-1,73,197,198,-1,73,198,72,-1,72,198,199,-1,72,199,78,-1,78,199,200,-1,78,200,79,-1,79,200,201,-1,79,201,80,-1,80,201,202,-1,80,202,81,-1,81,202,203,-1,81,203,82,-1,82,203,204,-1,82,204,83,-1,83,204,205,-1,83,205,69,-1,69,205,206,-1,69,206,70,-1,70,206,207,-1,70,207,99,-1,99,207,208,-1,99,208,100,-1,100,208,209,-1,100,209,89,-1,89,209,186,-1,210,211,212,-1,212,211,213,-1,212,213,214,-1,215,216,212,-1,212,216,217,-1,212,217,210,-1,218,219,212,-1,212,219,220,-1,212,220,215,-1,221,222,212,-1,212,222,223,-1,212,223,218,-1,224,225,212,-1,212,225,226,-1,212,226,221,-1,227,228,212,-1,212,228,229,-1,212,229,224,-1,230,231,212,-1,212,231,232,-1,212,232,227,-1,214,233,212,-1,212,233,234,-1,212,234,230,-1,180,235,163,-1,163,235,236,-1,163,236,164,-1,164,236,237,-1,164,237,165,-1,165,237,238,-1,165,238,169,-1,169,238,239,-1,169,239,170,-1,170,239,240,-1,170,240,152,-1,152,240,241,-1,152,241,166,-1,166,241,242,-1,166,242,167,-1,167,242,243,-1,167,243,168,-1,168,243,244,-1,168,244,174,-1,174,244,245,-1,174,245,175,-1,175,245,246,-1,175,246,153,-1,153,246,247,-1,153,247,154,-1,154,247,248,-1,154,248,155,-1,155,248,249,-1,155,249,156,-1,156,249,250,-1,156,250,157,-1,157,250,251,-1,157,251,158,-1,158,251,252,-1,158,252,159,-1,159,252,253,-1,159,253,160,-1,160,253,254,-1,160,254,161,-1,161,254,255,-1,161,255,162,-1,162,255,256,-1,162,256,182,-1,182,256,257,-1,182,257,183,-1,183,257,258,-1,183,258,180,-1,180,258,235,-1,259,260,261,-1,261,260,262,-1,261,262,263,-1,264,265,261,-1,261,265,266,-1,261,266,259,-1,267,268,261,-1,261,268,269,-1,261,269,264,-1,270,271,261,-1,261,271,272,-1,261,272,267,-1,273,274,261,-1,261,274,275,-1,261,275,270,-1,276,277,261,-1,261,277,278,-1,261,278,273,-1,279,280,261,-1,261,280,281,-1,261,281,276,-1,263,282,261,-1,261,282,283,-1,261,283,279,-1,258,260,235,-1,235,260,259,-1,235,259,236,-1,236,259,266,-1,236,266,237,-1,237,266,265,-1,237,265,238,-1,238,265,264,-1,238,264,239,-1,239,264,269,-1,239,269,240,-1,240,269,268,-1,240,268,241,-1,241,268,267,-1,241,267,242,-1,242,267,272,-1,242,272,243,-1,243,272,271,-1,243,271,244,-1,244,271,270,-1,244,270,245,-1,245,270,275,-1,245,275,246,-1,246,275,274,-1,246,274,247,-1,247,274,273,-1,247,273,248,-1,248,273,278,-1,248,278,249,-1,249,278,277,-1,249,277,250,-1,250,277,276,-1,250,276,251,-1,251,276,281,-1,251,281,252,-1,252,281,280,-1,252,280,253,-1,253,280,279,-1,253,279,254,-1,254,279,283,-1,254,283,255,-1,255,283,282,-1,255,282,256,-1,256,282,263,-1,256,263,257,-1,257,263,262,-1,257,262,258,-1,258,262,260,-1,209,225,186,-1,186,225,224,-1,186,224,187,-1,187,224,229,-1,187,229,188,-1,188,229,228,-1,188,228,189,-1,189,228,227,-1,189,227,190,-1,190,227,232,-1,190,232,191,-1,191,232,231,-1,191,231,192,-1,192,231,230,-1,192,230,193,-1,193,230,234,-1,193,234,194,-1,194,234,233,-1,194,233,195,-1,195,233,214,-1,195,214,196,-1,196,214,213,-1,196,213,197,-1,197,213,211,-1,197,211,198,-1,198,211,210,-1,198,210,199,-1,199,210,217,-1,199,217,200,-1,200,217,216,-1,200,216,201,-1,201,216,215,-1,201,215,202,-1,202,215,220,-1,202,220,203,-1,203,220,219,-1,203,219,204,-1,204,219,218,-1,204,218,205,-1,205,218,223,-1,205,223,206,-1,206,223,222,-1,206,222,207,-1,207,222,221,-1,207,221,208,-1,208,221,226,-1,208,226,209,-1,209,226,225,-1,
        ]
    }
}
Shape{
    appearance Appearance {
        material  Material {
            diffuseColor 1.0 1.0 0.0
            specularColor 0.5019607843137255 0.5019607843137255 0.0
            ambientIntensity 0.886
            transparency 0.0
            shininess 0.5
        }
    }
    geometry IndexedFaceSet {
        ccw TRUE
        solid FALSE
        coord DEF co Coordinate {
            point [
                -0.4528 1.126 -0.0197, -0.2756 1.126 -0.0197, -0.4528 1.0394 -0.0197, -0.2756 1.0394 -0.0197, -0.4528 1.126 0.0197, -0.4528 1.0394 0.0197, -0.2756 1.126 0.0197, -0.2756 1.0394 0.0197, -0.2552 1.126 0.0224, -0.2552 1.0394 0.0224, -0.2362 1.126 0.0302, -0.2362 1.0394 0.0302, -0.2199 1.126 0.0427, -0.2199 1.0394 0.0427, -0.2074 1.126 0.0591, -0.2074 1.0394 0.0591, -0.1995 1.126 0.078, -0.1995 1.0394 0.078, -0.1969 1.126 0.0984, -0.1969 1.0394 0.0984, -0.1969 1.126 0.2756, -0.1969 1.0394 0.2756, -0.1575 1.126 0.0984, -0.1575 1.126 0.2756, -0.1575 1.0394 0.0984, -0.1575 1.0394 0.2756, -0.1615 1.0394 0.0679, -0.1615 1.126 0.0679, -0.1733 1.0394 0.0394, -0.1733 1.126 0.0394, -0.1921 1.0394 0.0149, -0.1921 1.126 0.0149, -0.2165 1.0394 -0.0039, -0.2165 1.126 -0.0039, -0.245 1.0394 -0.0157, -0.245 1.126 -0.0157, 0.2756 1.126 -0.0197, 0.4528 1.126 -0.0197, 0.2756 1.0394 -0.0197, 0.4528 1.0394 -0.0197, 0.245 1.0394 -0.0157, 0.245 1.126 -0.0157, 0.2165 1.0394 -0.0039, 0.2165 1.126 -0.0039, 0.1921 1.0394 0.0149, 0.1921 1.126 0.0149, 0.1733 1.0394 0.0394, 0.1733 1.126 0.0394, 0.1615 1.0394 0.0679, 0.1615 1.126 0.0679, 0.1575 1.0394 0.0984, 0.1575 1.126 0.0984, 0.1575 1.126 0.2756, 0.1575 1.0394 0.2756, 0.1969 1.126 0.0984, 0.1969 1.126 0.2756, 0.1969 1.0394 0.0984, 0.1969 1.0394 0.2756, 0.1995 1.126 0.078, 0.1995 1.0394 0.078, 0.2074 1.126 0.0591, 0.2074 1.0394 0.0591, 0.2199 1.126 0.0427, 0.2199 1.0394 0.0427, 0.2362 1.126 0.0302, 0.2362 1.0394 0.0302, 0.2552 1.126 0.0224, 0.2552 1.0394 0.0224, 0.2756 1.126 0.0197, 0.2756 1.0394 0.0197, 0.4528 1.126 0.0197, 0.4528 1.0394 0.0197, 0.2756 0.9291 -0.0197, 0.4528 0.9291 -0.0197, 0.2756 0.8425 -0.0197, 0.4528 0.8425 -0.0197, 0.245 0.8425 -0.0157, 0.245 0.9291 -0.0157, 0.2165 0.8425 -0.0039, 0.2165 0.9291 -0.0039, 0.1921 0.8425 0.0149, 0.1921 0.9291 0.0149, 0.1733 0.8425 0.0394, 0.1733 0.9291 0.0394, 0.1615 0.8425 0.0679, 0.1615 0.9291 0.0679, 0.1575 0.8425 0.0984, 0.1575 0.9291 0.0984, 0.1575 0.9291 0.2756, 0.1575 0.8425 0.2756, 0.1969 0.9291 0.0984, 0.1969 0.9291 0.2756, 0.1969 0.8425 0.0984, 0.1969 0.8425 0.2756, 0.1995 0.9291 0.078, 0.1995 0.8425 0.078, 0.2074 0.9291 0.0591, 0.2074 0.8425 0.0591, 0.2199 0.9291 0.0427, 0.2199 0.8425 0.0427, 0.2362 0.9291 0.0302, 0.2362 0.8425 0.0302, 0.2552 0.9291 0.0224, 0.2552 0.8425 0.0224, 0.2756 0.9291 0.0197, 0.2756 0.8425 0.0197, 0.4528 0.9291 0.0197, 0.4528 0.8425 0.0197, 0.2756 0.7323 -0.0197, 0.4528 0.7323 -0.0197, 0.2756 0.6457 -0.0197, 0.4528 0.6457 -0.0197, 0.245 0.6457 -0.0157, 0.245 0.7323 -0.0157, 0.2165 0.6457 -0.0039, 0.2165 0.7323 -0.0039, 0.1921 0.6457 0.0149, 0.1921 0.7323 0.0149, 0.1733 0.6457 0.0394, 0.1733 0.7323 0.0394, 0.1615 0.6457 0.0679, 0.1615 0.7323 0.0679, 0.1575 0.6457 0.0984, 0.1575 0.7323 0.0984, 0.1575 0.7323 0.2756, 0.1575 0.6457 0.2756, 0.1969 0.7323 0.0984, 0.1969 0.7323 0.2756, 0.1969 0.6457 0.0984, 0.1969 0.6457 0.2756, 0.1995 0.7323 0.078, 0.1995 0.6457 0.078, 0.2074 0.7323 0.0591, 0.2074 0.6457 0.0591, 0.2199 0.7323 0.0427, 0.2199 0.6457 0.0427, 0.2362 0.7323 0.0302, 0.2362 0.6457 0.0302, 0.2552 0.7323 0.0224, 0.2552 0.6457 0.0224, 0.2756 0.7323 0.0197, 0.2756 0.6457 0.0197, 0.4528 0.7323 0.0197, 0.4528 0.6457 0.0197, 0.2756 0.5354 -0.0197, 0.4528 0.5354 -0.0197, 0.2756 0.4488 -0.0197, 0.4528 0.4488 -0.0197, 0.245 0.4488 -0.0157, 0.245 0.5354 -0.0157, 0.2165 0.4488 -0.0039, 0.2165 0.5354 -0.0039, 0.1921 0.4488 0.0149, 0.1921 0.5354 0.0149, 0.1733 0.4488 0.0394, 0.1733 0.5354 0.0394, 0.1615 0.4488 0.0679, 0.1615 0.5354 0.0679, 0.1575 0.4488 0.0984, 0.1575 0.5354 0.0984, 0.1575 0.5354 0.2756, 0.1575 0.4488 0.2756, 0.1969 0.5354 0.0984, 0.1969 0.5354 0.2756, 0.1969 0.4488 0.0984, 0.1969 0.4488 0.2756, 0.1995 0.5354 0.078, 0.1995 0.4488 0.078, 0.2074 0.5354 0.0591, 0.2074 0.4488 0.0591, 0.2199 0.5354 0.0427, 0.2199 0.4488 0.0427, 0.2362 0.5354 0.0302, 0.2362 0.4488 0.0302, 0.2552 0.5354 0.0224, 0.2552 0.4488 0.0224, 0.2756 0.5354 0.0197, 0.2756 0.4488 0.0197, 0.4528 0.5354 0.0197, 0.4528 0.4488 0.0197, 0.2756 0.3386 -0.0197, 0.4528 0.3386 -0.0197, 0.2756 0.252 -0.0197, 0.4528 0.252 -0.0197, 0.245 0.252 -0.0157, 0.245 0.3386 -0.0157, 0.2165 0.252 -0.0039, 0.2165 0.3386 -0.0039, 0.1921 0.252 0.0149, 0.1921 0.3386 0.0149, 0.1733 0.252 0.0394, 0.1733 0.3386 0.0394, 0.1615 0.252 0.0679, 0.1615 0.3386 0.0679, 0.1575 0.252 0.0984, 0.1575 0.3386 0.0984, 0.1575 0.3386 0.2756, 0.1575 0.252 0.2756, 0.1969 0.3386 0.0984, 0.1969 0.3386 0.2756, 0.1969 0.252 0.0984, 0.1969 0.252 0.2756, 0.1995 0.3386 0.078, 0.1995 0.252 0.078, 0.2074 0.3386 0.0591, 0.2074 0.252 0.0591, 0.2199 0.3386 0.0427, 0.2199 0.252 0.0427, 0.2362 0.3386 0.0302, 0.2362 0.252 0.0302, 0.2552 0.3386 0.0224, 0.2552 0.252 0.0224, 0.2756 0.3386 0.0197, 0.2756 0.252 0.0197, 0.4528 0.3386 0.0197, 0.4528 0.252 0.0197, 0.2756 0.1417 -0.0197, 0.4528 0.1417 -0.0197, 0.2756 0.0551 -0.0197, 0.4528 0.0551 -0.0197, 0.245 0.0551 -0.0157, 0.245 0.1417 -0.0157, 0.2165 0.0551 -0.0039, 0.2165 0.1417 -0.0039, 0.1921 0.0551 0.0149, 0.1921 0.1417 0.0149, 0.1733 0.0551 0.0394, 0.1733 0.1417 0.0394, 0.1615 0.0551 0.0679, 0.1615 0.1417 0.0679, 0.1575 0.0551 0.0984, 0.1575 0.1417 0.0984, 0.1575 0.1417 0.2756, 0.1575 0.0551 0.2756, 0.1969 0.1417 0.0984, 0.1969 0.1417 0.2756, 0.1969 0.0551 0.0984, 0.1969 0.0551 0.2756, 0.1995 0.1417 0.078, 0.1995 0.0551 0.078, 0.2074 0.1417 0.0591, 0.2074 0.0551 0.0591, 0.2199 0.1417 0.0427, 0.2199 0.0551 0.0427, 0.2362 0.1417 0.0302, 0.2362 0.0551 0.0302, 0.2552 0.1417 0.0224, 0.2552 0.0551 0.0224, 0.2756 0.1417 0.0197, 0.2756 0.0551 0.0197, 0.4528 0.1417 0.0197, 0.4528 0.0551 0.0197, 0.2756 -0.0551 -0.0197, 0.4528 -0.0551 -0.0197, 0.2756 -0.1417 -0.0197, 0.4528 -0.1417 -0.0197, 0.245 -0.1417 -0.0157, 0.245 -0.0551 -0.0157, 0.2165 -0.1417 -0.0039, 0.2165 -0.0551 -0.0039, 0.1921 -0.1417 0.0149, 0.1921 -0.0551 0.0149, 0.1733 -0.1417 0.0394, 0.1733 -0.0551 0.0394, 0.1615 -0.1417 0.0679, 0.1615 -0.0551 0.0679, 0.1575 -0.1417 0.0984, 0.1575 -0.0551 0.0984, 0.1575 -0.0551 0.2756, 0.1575 -0.1417 0.2756, 0.1969 -0.0551 0.0984, 0.1969 -0.0551 0.2756, 0.1969 -0.1417 0.0984, 0.1969 -0.1417 0.2756, 0.1995 -0.0551 0.078, 0.1995 -0.1417 0.078, 0.2074 -0.0551 0.0591, 0.2074 -0.1417 0.0591, 0.2199 -0.0551 0.0427, 0.2199 -0.1417 0.0427, 0.2362 -0.0551 0.0302, 0.2362 -0.1417 0.0302, 0.2552 -0.0551 0.0224, 0.2552 -0.1417 0.0224, 0.2756 -0.0551 0.0197, 0.2756 -0.1417 0.0197, 0.4528 -0.0551 0.0197, 0.4528 -0.1417 0.0197, 0.2756 -0.252 -0.0197, 0.4528 -0.252 -0.0197, 0.2756 -0.3386 -0.0197, 0.4528 -0.3386 -0.0197, 0.245 -0.3386 -0.0157, 0.245 -0.252 -0.0157, 0.2165 -0.3386 -0.0039, 0.2165 -0.252 -0.0039, 0.1921 -0.3386 0.0149, 0.1921 -0.252 0.0149, 0.1733 -0.3386 0.0394, 0.1733 -0.252 0.0394, 0.1615 -0.3386 0.0679, 0.1615 -0.252 0.0679, 0.1575 -0.3386 0.0984, 0.1575 -0.252 0.0984, 0.1575 -0.252 0.2756, 0.1575 -0.3386 0.2756, 0.1969 -0.252 0.0984, 0.1969 -0.252 0.2756, 0.1969 -0.3386 0.0984, 0.1969 -0.3386 0.2756, 0.1995 -0.252 0.078, 0.1995 -0.3386 0.078, 0.2074 -0.252 0.0591, 0.2074 -0.3386 0.0591, 0.2199 -0.252 0.0427, 0.2199 -0.3386 0.0427, 0.2362 -0.252 0.0302, 0.2362 -0.3386 0.0302, 0.2552 -0.252 0.0224, 0.2552 -0.3386 0.0224, 0.2756 -0.252 0.0197, 0.2756 -0.3386 0.0197, 0.4528 -0.252 0.0197, 0.4528 -0.3386 0.0197, 0.2756 -0.4488 -0.0197, 0.4528 -0.4488 -0.0197, 0.2756 -0.5354 -0.0197, 0.4528 -0.5354 -0.0197, 0.245 -0.5354 -0.0157, 0.245 -0.4488 -0.0157, 0.2165 -0.5354 -0.0039, 0.2165 -0.4488 -0.0039, 0.1921 -0.5354 0.0149, 0.1921 -0.4488 0.0149, 0.1733 -0.5354 0.0394, 0.1733 -0.4488 0.0394, 0.1615 -0.5354 0.0679, 0.1615 -0.4488 0.0679, 0.1575 -0.5354 0.0984, 0.1575 -0.4488 0.0984, 0.1575 -0.4488 0.2756, 0.1575 -0.5354 0.2756, 0.1969 -0.4488 0.0984, 0.1969 -0.4488 0.2756, 0.1969 -0.5354 0.0984, 0.1969 -0.5354 0.2756, 0.1995 -0.4488 0.078, 0.1995 -0.5354 0.078, 0.2074 -0.4488 0.0591, 0.2074 -0.5354 0.0591, 0.2199 -0.4488 0.0427, 0.2199 -0.5354 0.0427, 0.2362 -0.4488 0.0302, 0.2362 -0.5354 0.0302, 0.2552 -0.4488 0.0224, 0.2552 -0.5354 0.0224, 0.2756 -0.4488 0.0197, 0.2756 -0.5354 0.0197, 0.4528 -0.4488 0.0197, 0.4528 -0.5354 0.0197, 0.2756 -0.6457 -0.0197, 0.4528 -0.6457 -0.0197, 0.2756 -0.7323 -0.0197, 0.4528 -0.7323 -0.0197, 0.245 -0.7323 -0.0157, 0.245 -0.6457 -0.0157, 0.2165 -0.7323 -0.0039, 0.2165 -0.6457 -0.0039, 0.1921 -0.7323 0.0149, 0.1921 -0.6457 0.0149, 0.1733 -0.7323 0.0394, 0.1733 -0.6457 0.0394, 0.1615 -0.7323 0.0679, 0.1615 -0.6457 0.0679, 0.1575 -0.7323 0.0984, 0.1575 -0.6457 0.0984, 0.1575 -0.6457 0.2756, 0.1575 -0.7323 0.2756, 0.1969 -0.6457 0.0984, 0.1969 -0.6457 0.2756, 0.1969 -0.7323 0.0984, 0.1969 -0.7323 0.2756, 0.1995 -0.6457 0.078, 0.1995 -0.7323 0.078, 0.2074 -0.6457 0.0591, 0.2074 -0.7323 0.0591, 0.2199 -0.6457 0.0427, 0.2199 -0.7323 0.0427, 0.2362 -0.6457 0.0302, 0.2362 -0.7323 0.0302, 0.2552 -0.6457 0.0224, 0.2552 -0.7323 0.0224, 0.2756 -0.6457 0.0197, 0.2756 -0.7323 0.0197, 0.4528 -0.6457 0.0197, 0.4528 -0.7323 0.0197, 0.2756 -0.8425 -0.0197, 0.4528 -0.8425 -0.0197, 0.2756 -0.9291 -0.0197, 0.4528 -0.9291 -0.0197, 0.245 -0.9291 -0.0157, 0.245 -0.8425 -0.0157, 0.2165 -0.9291 -0.0039, 0.2165 -0.8425 -0.0039, 0.1921 -0.9291 0.0149, 0.1921 -0.8425 0.0149, 0.1733 -0.9291 0.0394, 0.1733 -0.8425 0.0394, 0.1615 -0.9291 0.0679, 0.1615 -0.8425 0.0679, 0.1575 -0.9291 0.0984, 0.1575 -0.8425 0.0984, 0.1575 -0.8425 0.2756, 0.1575 -0.9291 0.2756, 0.1969 -0.8425 0.0984, 0.1969 -0.8425 0.2756, 0.1969 -0.9291 0.0984, 0.1969 -0.9291 0.2756, 0.1995 -0.8425 0.078, 0.1995 -0.9291 0.078, 0.2074 -0.8425 0.0591, 0.2074 -0.9291 0.0591, 0.2199 -0.8425 0.0427, 0.2199 -0.9291 0.0427, 0.2362 -0.8425 0.0302, 0.2362 -0.9291 0.0302, 0.2552 -0.8425 0.0224, 0.2552 -0.9291 0.0224, 0.2756 -0.8425 0.0197, 0.2756 -0.9291 0.0197, 0.4528 -0.8425 0.0197, 0.4528 -0.9291 0.0197, 0.2756 -1.0394 -0.0197, 0.4528 -1.0394 -0.0197, 0.2756 -1.126 -0.0197, 0.4528 -1.126 -0.0197, 0.245 -1.126 -0.0157, 0.245 -1.0394 -0.0157, 0.2165 -1.126 -0.0039, 0.2165 -1.0394 -0.0039, 0.1921 -1.126 0.0149, 0.1921 -1.0394 0.0149, 0.1733 -1.126 0.0394, 0.1733 -1.0394 0.0394, 0.1615 -1.126 0.0679, 0.1615 -1.0394 0.0679, 0.1575 -1.126 0.0984, 0.1575 -1.0394 0.0984, 0.1575 -1.0394 0.2756, 0.1575 -1.126 0.2756, 0.1969 -1.0394 0.0984, 0.1969 -1.0394 0.2756, 0.1969 -1.126 0.0984, 0.1969 -1.126 0.2756, 0.1995 -1.0394 0.078, 0.1995 -1.126 0.078, 0.2074 -1.0394 0.0591, 0.2074 -1.126 0.0591, 0.2199 -1.0394 0.0427, 0.2199 -1.126 0.0427, 0.2362 -1.0394 0.0302, 0.2362 -1.126 0.0302, 0.2552 -1.0394 0.0224, 0.2552 -1.126 0.0224, 0.2756 -1.0394 0.0197, 0.2756 -1.126 0.0197, 0.4528 -1.0394 0.0197, 0.4528 -1.126 0.0197, -0.4528 0.9291 -0.0197, -0.2756 0.9291 -0.0197, -0.4528 0.8425 -0.0197, -0.2756 0.8425 -0.0197, -0.4528 0.9291 0.0197, -0.4528 0.8425 0.0197, -0.2756 0.9291 0.0197, -0.2756 0.8425 0.0197, -0.2552 0.9291 0.0224, -0.2552 0.8425 0.0224, -0.2362 0.9291 0.0302, -0.2362 0.8425 0.0302, -0.2199 0.9291 0.0427, -0.2199 0.8425 0.0427, -0.2074 0.9291 0.0591, -0.2074 0.8425 0.0591, -0.1995 0.9291 0.078, -0.1995 0.8425 0.078, -0.1969 0.9291 0.0984, -0.1969 0.8425 0.0984, -0.1969 0.9291 0.2756, -0.1969 0.8425 0.2756, -0.1575 0.9291 0.0984, -0.1575 0.9291 0.2756, -0.1575 0.8425 0.0984, -0.1575 0.8425 0.2756, -0.1615 0.8425 0.0679, -0.1615 0.9291 0.0679, -0.1733 0.8425 0.0394, -0.1733 0.9291 0.0394, -0.1921 0.8425 0.0149, -0.1921 0.9291 0.0149, -0.2165 0.8425 -0.0039, -0.2165 0.9291 -0.0039, -0.245 0.8425 -0.0157, -0.245 0.9291 -0.0157, -0.4528 0.7323 -0.0197, -0.2756 0.7323 -0.0197, -0.4528 0.6457 -0.0197, -0.2756 0.6457 -0.0197, -0.4528 0.7323 0.0197, -0.4528 0.6457 0.0197, -0.2756 0.7323 0.0197, -0.2756 0.6457 0.0197, -0.2552 0.7323 0.0224, -0.2552 0.6457 0.0224, -0.2362 0.7323 0.0302, -0.2362 0.6457 0.0302, -0.2199 0.7323 0.0427, -0.2199 0.6457 0.0427, -0.2074 0.7323 0.0591, -0.2074 0.6457 0.0591, -0.1995 0.7323 0.078, -0.1995 0.6457 0.078, -0.1969 0.7323 0.0984, -0.1969 0.6457 0.0984, -0.1969 0.7323 0.2756, -0.1969 0.6457 0.2756, -0.1575 0.7323 0.0984, -0.1575 0.7323 0.2756, -0.1575 0.6457 0.0984, -0.1575 0.6457 0.2756, -0.1615 0.6457 0.0679, -0.1615 0.7323 0.0679, -0.1733 0.6457 0.0394, -0.1733 0.7323 0.0394, -0.1921 0.6457 0.0149, -0.1921 0.7323 0.0149, -0.2165 0.6457 -0.0039, -0.2165 0.7323 -0.0039, -0.245 0.6457 -0.0157, -0.245 0.7323 -0.0157, -0.4528 0.5354 -0.0197, -0.2756 0.5354 -0.0197, -0.4528 0.4488 -0.0197, -0.2756 0.4488 -0.0197, -0.4528 0.5354 0.0197, -0.4528 0.4488 0.0197, -0.2756 0.5354 0.0197, -0.2756 0.4488 0.0197, -0.2552 0.5354 0.0224, -0.2552 0.4488 0.0224, -0.2362 0.5354 0.0302, -0.2362 0.4488 0.0302, -0.2199 0.5354 0.0427, -0.2199 0.4488 0.0427, -0.2074 0.5354 0.0591, -0.2074 0.4488 0.0591, -0.1995 0.5354 0.078, -0.1995 0.4488 0.078, -0.1969 0.5354 0.0984, -0.1969 0.4488 0.0984, -0.1969 0.5354 0.2756, -0.1969 0.4488 0.2756, -0.1575 0.5354 0.0984, -0.1575 0.5354 0.2756, -0.1575 0.4488 0.0984, -0.1575 0.4488 0.2756, -0.1615 0.4488 0.0679, -0.1615 0.5354 0.0679, -0.1733 0.4488 0.0394, -0.1733 0.5354 0.0394, -0.1921 0.4488 0.0149, -0.1921 0.5354 0.0149, -0.2165 0.4488 -0.0039, -0.2165 0.5354 -0.0039, -0.245 0.4488 -0.0157, -0.245 0.5354 -0.0157, -0.4528 0.3386 -0.0197, -0.2756 0.3386 -0.0197, -0.4528 0.252 -0.0197, -0.2756 0.252 -0.0197, -0.4528 0.3386 0.0197, -0.4528 0.252 0.0197, -0.2756 0.3386 0.0197, -0.2756 0.252 0.0197, -0.2552 0.3386 0.0224, -0.2552 0.252 0.0224, -0.2362 0.3386 0.0302, -0.2362 0.252 0.0302, -0.2199 0.3386 0.0427, -0.2199 0.252 0.0427, -0.2074 0.3386 0.0591, -0.2074 0.252 0.0591, -0.1995 0.3386 0.078, -0.1995 0.252 0.078, -0.1969 0.3386 0.0984, -0.1969 0.252 0.0984, -0.1969 0.3386 0.2756, -0.1969 0.252 0.2756, -0.1575 0.3386 0.0984, -0.1575 0.3386 0.2756, -0.1575 0.252 0.0984, -0.1575 0.252 0.2756, -0.1615 0.252 0.0679, -0.1615 0.3386 0.0679, -0.1733 0.252 0.0394, -0.1733 0.3386 0.0394, -0.1921 0.252 0.0149, -0.1921 0.3386 0.0149, -0.2165 0.252 -0.0039, -0.2165 0.3386 -0.0039, -0.245 0.252 -0.0157, -0.245 0.3386 -0.0157, -0.4528 0.1417 -0.0197, -0.2756 0.1417 -0.0197, -0.4528 0.0551 -0.0197, -0.2756 0.0551 -0.0197, -0.4528 0.1417 0.0197, -0.4528 0.0551 0.0197, -0.2756 0.1417 0.0197, -0.2756 0.0551 0.0197, -0.2552 0.1417 0.0224, -0.2552 0.0551 0.0224, -0.2362 0.1417 0.0302, -0.2362 0.0551 0.0302, -0.2199 0.1417 0.0427, -0.2199 0.0551 0.0427, -0.2074 0.1417 0.0591, -0.2074 0.0551 0.0591, -0.1995 0.1417 0.078, -0.1995 0.0551 0.078, -0.1969 0.1417 0.0984, -0.1969 0.0551 0.0984, -0.1969 0.1417 0.2756, -0.1969 0.0551 0.2756, -0.1575 0.1417 0.0984, -0.1575 0.1417 0.2756, -0.1575 0.0551 0.0984, -0.1575 0.0551 0.2756, -0.1615 0.0551 0.0679, -0.1615 0.1417 0.0679, -0.1733 0.0551 0.0394, -0.1733 0.1417 0.0394, -0.1921 0.0551 0.0149, -0.1921 0.1417 0.0149, -0.2165 0.0551 -0.0039, -0.2165 0.1417 -0.0039, -0.245 0.0551 -0.0157, -0.245 0.1417 -0.0157, -0.4528 -0.0551 -0.0197, -0.2756 -0.0551 -0.0197, -0.4528 -0.1417 -0.0197, -0.2756 -0.1417 -0.0197, -0.4528 -0.0551 0.0197, -0.4528 -0.1417 0.0197, -0.2756 -0.0551 0.0197, -0.2756 -0.1417 0.0197, -0.2552 -0.0551 0.0224, -0.2552 -0.1417 0.0224, -0.2362 -0.0551 0.0302, -0.2362 -0.1417 0.0302, -0.2199 -0.0551 0.0427, -0.2199 -0.1417 0.0427, -0.2074 -0.0551 0.0591, -0.2074 -0.1417 0.0591, -0.1995 -0.0551 0.078, -0.1995 -0.1417 0.078, -0.1969 -0.0551 0.0984, -0.1969 -0.1417 0.0984, -0.1969 -0.0551 0.2756, -0.1969 -0.1417 0.2756, -0.1575 -0.0551 0.0984, -0.1575 -0.0551 0.2756, -0.1575 -0.1417 0.0984, -0.1575 -0.1417 0.2756, -0.1615 -0.1417 0.0679, -0.1615 -0.0551 0.0679, -0.1733 -0.1417 0.0394, -0.1733 -0.0551 0.0394, -0.1921 -0.1417 0.0149, -0.1921 -0.0551 0.0149, -0.2165 -0.1417 -0.0039, -0.2165 -0.0551 -0.0039, -0.245 -0.1417 -0.0157, -0.245 -0.0551 -0.0157, -0.4528 -0.252 -0.0197, -0.2756 -0.252 -0.0197, -0.4528 -0.3386 -0.0197, -0.2756 -0.3386 -0.0197, -0.4528 -0.252 0.0197, -0.4528 -0.3386 0.0197, -0.2756 -0.252 0.0197, -0.2756 -0.3386 0.0197, -0.2552 -0.252 0.0224, -0.2552 -0.3386 0.0224, -0.2362 -0.252 0.0302, -0.2362 -0.3386 0.0302, -0.2199 -0.252 0.0427, -0.2199 -0.3386 0.0427, -0.2074 -0.252 0.0591, -0.2074 -0.3386 0.0591, -0.1995 -0.252 0.078, -0.1995 -0.3386 0.078, -0.1969 -0.252 0.0984, -0.1969 -0.3386 0.0984, -0.1969 -0.252 0.2756, -0.1969 -0.3386 0.2756, -0.1575 -0.252 0.0984, -0.1575 -0.252 0.2756, -0.1575 -0.3386 0.0984, -0.1575 -0.3386 0.2756, -0.1615 -0.3386 0.0679, -0.1615 -0.252 0.0679, -0.1733 -0.3386 0.0394, -0.1733 -0.252 0.0394, -0.1921 -0.3386 0.0149, -0.1921 -0.252 0.0149, -0.2165 -0.3386 -0.0039, -0.2165 -0.252 -0.0039, -0.245 -0.3386 -0.0157, -0.245 -0.252 -0.0157, -0.4528 -0.4488 -0.0197, -0.2756 -0.4488 -0.0197, -0.4528 -0.5354 -0.0197, -0.2756 -0.5354 -0.0197, -0.4528 -0.4488 0.0197, -0.4528 -0.5354 0.0197, -0.2756 -0.4488 0.0197, -0.2756 -0.5354 0.0197, -0.2552 -0.4488 0.0224, -0.2552 -0.5354 0.0224, -0.2362 -0.4488 0.0302, -0.2362 -0.5354 0.0302, -0.2199 -0.4488 0.0427, -0.2199 -0.5354 0.0427, -0.2074 -0.4488 0.0591, -0.2074 -0.5354 0.0591, -0.1995 -0.4488 0.078, -0.1995 -0.5354 0.078, -0.1969 -0.4488 0.0984, -0.1969 -0.5354 0.0984, -0.1969 -0.4488 0.2756, -0.1969 -0.5354 0.2756, -0.1575 -0.4488 0.0984, -0.1575 -0.4488 0.2756, -0.1575 -0.5354 0.0984, -0.1575 -0.5354 0.2756, -0.1615 -0.5354 0.0679, -0.1615 -0.4488 0.0679, -0.1733 -0.5354 0.0394, -0.1733 -0.4488 0.0394, -0.1921 -0.5354 0.0149, -0.1921 -0.4488 0.0149, -0.2165 -0.5354 -0.0039, -0.2165 -0.4488 -0.0039, -0.245 -0.5354 -0.0157, -0.245 -0.4488 -0.0157, -0.4528 -0.6457 -0.0197, -0.2756 -0.6457 -0.0197, -0.4528 -0.7323 -0.0197, -0.2756 -0.7323 -0.0197, -0.4528 -0.6457 0.0197, -0.4528 -0.7323 0.0197, -0.2756 -0.6457 0.0197, -0.2756 -0.7323 0.0197, -0.2552 -0.6457 0.0224, -0.2552 -0.7323 0.0224, -0.2362 -0.6457 0.0302, -0.2362 -0.7323 0.0302, -0.2199 -0.6457 0.0427, -0.2199 -0.7323 0.0427, -0.2074 -0.6457 0.0591, -0.2074 -0.7323 0.0591, -0.1995 -0.6457 0.078, -0.1995 -0.7323 0.078, -0.1969 -0.6457 0.0984, -0.1969 -0.7323 0.0984, -0.1969 -0.6457 0.2756, -0.1969 -0.7323 0.2756, -0.1575 -0.6457 0.0984, -0.1575 -0.6457 0.2756, -0.1575 -0.7323 0.0984, -0.1575 -0.7323 0.2756, -0.1615 -0.7323 0.0679, -0.1615 -0.6457 0.0679, -0.1733 -0.7323 0.0394, -0.1733 -0.6457 0.0394, -0.1921 -0.7323 0.0149, -0.1921 -0.6457 0.0149, -0.2165 -0.7323 -0.0039, -0.2165 -0.6457 -0.0039, -0.245 -0.7323 -0.0157, -0.245 -0.6457 -0.0157, -0.4528 -0.8425 -0.0197, -0.2756 -0.8425 -0.0197, -0.4528 -0.9291 -0.0197, -0.2756 -0.9291 -0.0197, -0.4528 -0.8425 0.0197, -0.4528 -0.9291 0.0197, -0.2756 -0.8425 0.0197, -0.2756 -0.9291 0.0197, -0.2552 -0.8425 0.0224, -0.2552 -0.9291 0.0224, -0.2362 -0.8425 0.0302, -0.2362 -0.9291 0.0302, -0.2199 -0.8425 0.0427, -0.2199 -0.9291 0.0427, -0.2074 -0.8425 0.0591, -0.2074 -0.9291 0.0591, -0.1995 -0.8425 0.078, -0.1995 -0.9291 0.078, -0.1969 -0.8425 0.0984, -0.1969 -0.9291 0.0984, -0.1969 -0.8425 0.2756, -0.1969 -0.9291 0.2756, -0.1575 -0.8425 0.0984, -0.1575 -0.8425 0.2756, -0.1575 -0.9291 0.0984, -0.1575 -0.9291 0.2756, -0.1615 -0.9291 0.0679, -0.1615 -0.8425 0.0679, -0.1733 -0.9291 0.0394, -0.1733 -0.8425 0.0394, -0.1921 -0.9291 0.0149, -0.1921 -0.8425 0.0149, -0.2165 -0.9291 -0.0039, -0.2165 -0.8425 -0.0039, -0.245 -0.9291 -0.0157, -0.245 -0.8425 -0.0157, -0.4528 -1.0394 -0.0197, -0.2756 -1.0394 -0.0197, -0.4528 -1.126 -0.0197, -0.2756 -1.126 -0.0197, -0.4528 -1.0394 0.0197, -0.4528 -1.126 0.0197, -0.2756 -1.0394 0.0197, -0.2756 -1.126 0.0197, -0.2552 -1.0394 0.0224, -0.2552 -1.126 0.0224, -0.2362 -1.0394 0.0302, -0.2362 -1.126 0.0302, -0.2199 -1.0394 0.0427, -0.2199 -1.126 0.0427, -0.2074 -1.0394 0.0591, -0.2074 -1.126 0.0591, -0.1995 -1.0394 0.078, -0.1995 -1.126 0.078, -0.1969 -1.0394 0.0984, -0.1969 -1.126 0.0984, -0.1969 -1.0394 0.2756, -0.1969 -1.126 0.2756, -0.1575 -1.0394 0.0984, -0.1575 -1.0394 0.2756, -0.1575 -1.126 0.0984, -0.1575 -1.126 0.2756, -0.1615 -1.126 0.0679, -0.1615 -1.0394 0.0679, -0.1733 -1.126 0.0394, -0.1733 -1.0394 0.0394, -0.1921 -1.126 0.0149, -0.1921 -1.0394 0.0149, -0.2165 -1.126 -0.0039, -0.2165 -1.0394 -0.0039, -0.245 -1.126 -0.0157, -0.245 -1.0394 -0.0157
            ]
        }
        coordIndex [
            0,1,2,-1,2,1,3,-1,4,0,5,-1,5,0,2,-1,6,4,7,-1,7,4,5,-1,6,7,8,-1,8,7,9,-1,8,9,10,-1,10,9,11,-1,10,11,12,-1,12,11,13,-1,12,13,14,-1,14,13,15,-1,14,15,16,-1,16,15,17,-1,16,17,18,-1,18,17,19,-1,20,18,21,-1,21,18,19,-1,22,23,24,-1,24,23,25,-1,22,24,26,-1,22,26,27,-1,27,26,28,-1,27,28,29,-1,29,28,30,-1,29,30,31,-1,31,30,32,-1,31,32,33,-1,33,32,34,-1,33,34,35,-1,35,34,3,-1,35,3,1,-1,20,23,18,-1,18,23,22,-1,18,22,16,-1,16,22,27,-1,16,27,14,-1,14,27,29,-1,14,29,12,-1,12,29,31,-1,12,31,10,-1,10,31,33,-1,10,33,8,-1,8,33,35,-1,8,35,6,-1,6,35,1,-1,6,1,4,-1,4,1,0,-1,5,2,7,-1,7,2,3,-1,7,3,9,-1,9,3,34,-1,9,34,11,-1,11,34,32,-1,11,32,13,-1,13,32,30,-1,13,30,15,-1,15,30,28,-1,15,28,17,-1,17,28,26,-1,17,26,19,-1,19,26,24,-1,19,24,21,-1,21,24,25,-1,36,37,38,-1,38,37,39,-1,36,38,40,-1,36,40,41,-1,41,40,42,-1,41,42,43,-1,43,42,44,-1,43,44,45,-1,45,44,46,-1,45,46,47,-1,47,46,48,-1,47,48,49,-1,49,48,50,-1,49,50,51,-1,52,51,53,-1,53,51,50,-1,54,55,56,-1,56,55,57,-1,54,56,58,-1,58,56,59,-1,58,59,60,-1,60,59,61,-1,60,61,62,-1,62,61,63,-1,62,63,64,-1,64,63,65,-1,64,65,66,-1,66,65,67,-1,66,67,68,-1,68,67,69,-1,70,68,71,-1,71,68,69,-1,37,70,39,-1,39,70,71,-1,70,37,68,-1,68,37,36,-1,68,36,66,-1,66,36,41,-1,66,41,64,-1,64,41,43,-1,64,43,62,-1,62,43,45,-1,62,45,60,-1,60,45,47,-1,60,47,58,-1,58,47,49,-1,58,49,54,-1,54,49,51,-1,54,51,55,-1,55,51,52,-1,57,53,56,-1,56,53,50,-1,56,50,59,-1,59,50,48,-1,59,48,61,-1,61,48,46,-1,61,46,63,-1,63,46,44,-1,63,44,65,-1,65,44,42,-1,65,42,67,-1,67,42,40,-1,67,40,69,-1,69,40,38,-1,69,38,71,-1,71,38,39,-1,72,73,74,-1,74,73,75,-1,72,74,76,-1,72,76,77,-1,77,76,78,-1,77,78,79,-1,79,78,80,-1,79,80,81,-1,81,80,82,-1,81,82,83,-1,83,82,84,-1,83,84,85,-1,85,84,86,-1,85,86,87,-1,88,87,89,-1,89,87,86,-1,90,91,92,-1,92,91,93,-1,90,92,94,-1,94,92,95,-1,94,95,96,-1,96,95,97,-1,96,97,98,-1,98,97,99,-1,98,99,100,-1,100,99,101,-1,100,101,102,-1,102,101,103,-1,102,103,104,-1,104,103,105,-1,106,104,107,-1,107,104,105,-1,73,106,75,-1,75,106,107,-1,106,73,104,-1,104,73,72,-1,104,72,102,-1,102,72,77,-1,102,77,100,-1,100,77,79,-1,100,79,98,-1,98,79,81,-1,98,81,96,-1,96,81,83,-1,96,83,94,-1,94,83,85,-1,94,85,90,-1,90,85,87,-1,90,87,91,-1,91,87,88,-1,93,89,92,-1,92,89,86,-1,92,86,95,-1,95,86,84,-1,95,84,97,-1,97,84,82,-1,97,82,99,-1,99,82,80,-1,99,80,101,-1,101,80,78,-1,101,78,103,-1,103,78,76,-1,103,76,105,-1,105,76,74,-1,105,74,107,-1,107,74,75,-1,108,109,110,-1,110,109,111,-1,108,110,112,-1,108,112,113,-1,113,112,114,-1,113,114,115,-1,115,114,116,-1,115,116,117,-1,117,116,118,-1,117,118,119,-1,119,118,120,-1,119,120,121,-1,121,120,122,-1,121,122,123,-1,124,123,125,-1,125,123,122,-1,126,127,128,-1,128,127,129,-1,126,128,130,-1,130,128,131,-1,130,131,132,-1,132,131,133,-1,132,133,134,-1,134,133,135,-1,134,135,136,-1,136,135,137,-1,136,137,138,-1,138,137,139,-1,138,139,140,-1,140,139,141,-1,142,140,143,-1,143,140,141,-1,109,142,111,-1,111,142,143,-1,142,109,140,-1,140,109,108,-1,140,108,138,-1,138,108,113,-1,138,113,136,-1,136,113,115,-1,136,115,134,-1,134,115,117,-1,134,117,132,-1,132,117,119,-1,132,119,130,-1,130,119,121,-1,130,121,126,-1,126,121,123,-1,126,123,127,-1,127,123,124,-1,129,125,128,-1,128,125,122,-1,128,122,131,-1,131,122,120,-1,131,120,133,-1,133,120,118,-1,133,118,135,-1,135,118,116,-1,135,116,137,-1,137,116,114,-1,137,114,139,-1,139,114,112,-1,139,112,141,-1,141,112,110,-1,141,110,143,-1,143,110,111,-1,144,145,146,-1,146,145,147,-1,144,146,148,-1,144,148,149,-1,149,148,150,-1,149,150,151,-1,151,150,152,-1,151,152,153,-1,153,152,154,-1,153,154,155,-1,155,154,156,-1,155,156,157,-1,157,156,158,-1,157,158,159,-1,160,159,161,-1,161,159,158,-1,162,163,164,-1,164,163,165,-1,162,164,166,-1,166,164,167,-1,166,167,168,-1,168,167,169,-1,168,169,170,-1,170,169,171,-1,170,171,172,-1,172,171,173,-1,172,173,174,-1,174,173,175,-1,174,175,176,-1,176,175,177,-1,178,176,179,-1,179,176,177,-1,145,178,147,-1,147,178,179,-1,178,145,176,-1,176,145,144,-1,176,144,174,-1,174,144,149,-1,174,149,172,-1,172,149,151,-1,172,151,170,-1,170,151,153,-1,170,153,168,-1,168,153,155,-1,168,155,166,-1,166,155,157,-1,166,157,162,-1,162,157,159,-1,162,159,163,-1,163,159,160,-1,165,161,164,-1,164,161,158,-1,164,158,167,-1,167,158,156,-1,167,156,169,-1,169,156,154,-1,169,154,171,-1,171,154,152,-1,171,152,173,-1,173,152,150,-1,173,150,175,-1,175,150,148,-1,175,148,177,-1,177,148,146,-1,177,146,179,-1,179,146,147,-1,180,181,182,-1,182,181,183,-1,180,182,184,-1,180,184,185,-1,185,184,186,-1,185,186,187,-1,187,186,188,-1,187,188,189,-1,189,188,190,-1,189,190,191,-1,191,190,192,-1,191,192,193,-1,193,192,194,-1,193,194,195,-1,196,195,197,-1,197,195,194,-1,198,199,200,-1,200,199,201,-1,198,200,202,-1,202,200,203,-1,202,203,204,-1,204,203,205,-1,204,205,206,-1,206,205,207,-1,206,207,208,-1,208,207,209,-1,208,209,210,-1,210,209,211,-1,210,211,212,-1,212,211,213,-1,214,212,215,-1,215,212,213,-1,181,214,183,-1,183,214,215,-1,214,181,212,-1,212,181,180,-1,212,180,210,-1,210,180,185,-1,210,185,208,-1,208,185,187,-1,208,187,206,-1,206,187,189,-1,206,189,204,-1,204,189,191,-1,204,191,202,-1,202,191,193,-1,202,193,198,-1,198,193,195,-1,198,195,199,-1,199,195,196,-1,201,197,200,-1,200,197,194,-1,200,194,203,-1,203,194,192,-1,203,192,205,-1,205,192,190,-1,205,190,207,-1,207,190,188,-1,207,188,209,-1,209,188,186,-1,209,186,211,-1,211,186,184,-1,211,184,213,-1,213,184,182,-1,213,182,215,-1,215,182,183,-1,216,217,218,-1,218,217,219,-1,216,218,220,-1,216,220,221,-1,221,220,222,-1,221,222,223,-1,223,222,224,-1,223,224,225,-1,225,224,226,-1,225,226,227,-1,227,226,228,-1,227,228,229,-1,229,228,230,-1,229,230,231,-1,232,231,233,-1,233,231,230,-1,234,235,236,-1,236,235,237,-1,234,236,238,-1,238,236,239,-1,238,239,240,-1,240,239,241,-1,240,241,242,-1,242,241,243,-1,242,243,244,-1,244,243,245,-1,244,245,246,-1,246,245,247,-1,246,247,248,-1,248,247,249,-1,250,248,251,-1,251,248,249,-1,217,250,219,-1,219,250,251,-1,250,217,248,-1,248,217,216,-1,248,216,246,-1,246,216,221,-1,246,221,244,-1,244,221,223,-1,244,223,242,-1,242,223,225,-1,242,225,240,-1,240,225,227,-1,240,227,238,-1,238,227,229,-1,238,229,234,-1,234,229,231,-1,234,231,235,-1,235,231,232,-1,237,233,236,-1,236,233,230,-1,236,230,239,-1,239,230,228,-1,239,228,241,-1,241,228,226,-1,241,226,243,-1,243,226,224,-1,243,224,245,-1,245,224,222,-1,245,222,247,-1,247,222,220,-1,247,220,249,-1,249,220,218,-1,249,218,251,-1,251,218,219,-1,252,253,254,-1,254,253,255,-1,252,254,256,-1,252,256,257,-1,257,256,258,-1,257,258,259,-1,259,258,260,-1,259,260,261,-1,261,260,262,-1,261,262,263,-1,263,262,264,-1,263,264,265,-1,265,264,266,-1,265,266,267,-1,268,267,269,-1,269,267,266,-1,270,271,272,-1,272,271,273,-1,270,272,274,-1,274,272,275,-1,274,275,276,-1,276,275,277,-1,276,277,278,-1,278,277,279,-1,278,279,280,-1,280,279,281,-1,280,281,282,-1,282,281,283,-1,282,283,284,-1,284,283,285,-1,286,284,287,-1,287,284,285,-1,253,286,255,-1,255,286,287,-1,286,253,284,-1,284,253,252,-1,284,252,282,-1,282,252,257,-1,282,257,280,-1,280,257,259,-1,280,259,278,-1,278,259,261,-1,278,261,276,-1,276,261,263,-1,276,263,274,-1,274,263,265,-1,274,265,270,-1,270,265,267,-1,270,267,271,-1,271,267,268,-1,273,269,272,-1,272,269,266,-1,272,266,275,-1,275,266,264,-1,275,264,277,-1,277,264,262,-1,277,262,279,-1,279,262,260,-1,279,260,281,-1,281,260,258,-1,281,258,283,-1,283,258,256,-1,283,256,285,-1,285,256,254,-1,285,254,287,-1,287,254,255,-1,288,289,290,-1,290,289,291,-1,288,290,292,-1,288,292,293,-1,293,292,294,-1,293,294,295,-1,295,294,296,-1,295,296,297,-1,297,296,298,-1,297,298,299,-1,299,298,300,-1,299,300,301,-1,301,300,302,-1,301,302,303,-1,304,303,305,-1,305,303,302,-1,306,307,308,-1,308,307,309,-1,306,308,310,-1,310,308,311,-1,310,311,312,-1,312,311,313,-1,312,313,314,-1,314,313,315,-1,314,315,316,-1,316,315,317,-1,316,317,318,-1,318,317,319,-1,318,319,320,-1,320,319,321,-1,322,320,323,-1,323,320,321,-1,289,322,291,-1,291,322,323,-1,322,289,320,-1,320,289,288,-1,320,288,318,-1,318,288,293,-1,318,293,316,-1,316,293,295,-1,316,295,314,-1,314,295,297,-1,314,297,312,-1,312,297,299,-1,312,299,310,-1,310,299,301,-1,310,301,306,-1,306,301,303,-1,306,303,307,-1,307,303,304,-1,309,305,308,-1,308,305,302,-1,308,302,311,-1,311,302,300,-1,311,300,313,-1,313,300,298,-1,313,298,315,-1,315,298,296,-1,315,296,317,-1,317,296,294,-1,317,294,319,-1,319,294,292,-1,319,292,321,-1,321,292,290,-1,321,290,323,-1,323,290,291,-1,324,325,326,-1,326,325,327,-1,324,326,328,-1,324,328,329,-1,329,328,330,-1,329,330,331,-1,331,330,332,-1,331,332,333,-1,333,332,334,-1,333,334,335,-1,335,334,336,-1,335,336,337,-1,337,336,338,-1,337,338,339,-1,340,339,341,-1,341,339,338,-1,342,343,344,-1,344,343,345,-1,342,344,346,-1,346,344,347,-1,346,347,348,-1,348,347,349,-1,348,349,350,-1,350,349,351,-1,350,351,352,-1,352,351,353,-1,352,353,354,-1,354,353,355,-1,354,355,356,-1,356,355,357,-1,358,356,359,-1,359,356,357,-1,325,358,327,-1,327,358,359,-1,358,325,356,-1,356,325,324,-1,356,324,354,-1,354,324,329,-1,354,329,352,-1,352,329,331,-1,352,331,350,-1,350,331,333,-1,350,333,348,-1,348,333,335,-1,348,335,346,-1,346,335,337,-1,346,337,342,-1,342,337,339,-1,342,339,343,-1,343,339,340,-1,345,341,344,-1,344,341,338,-1,344,338,347,-1,347,338,336,-1,347,336,349,-1,349,336,334,-1,349,334,351,-1,351,334,332,-1,351,332,353,-1,353,332,330,-1,353,330,355,-1,355,330,328,-1,355,328,357,-1,357,328,326,-1,357,326,359,-1,359,326,327,-1,360,361,362,-1,362,361,363,-1,360,362,364,-1,360,364,365,-1,365,364,366,-1,365,366,367,-1,367,366,368,-1,367,368,369,-1,369,368,370,-1,369,370,371,-1,371,370,372,-1,371,372,373,-1,373,372,374,-1,373,374,375,-1,376,375,377,-1,377,375,374,-1,378,379,380,-1,380,379,381,-1,378,380,382,-1,382,380,383,-1,382,383,384,-1,384,383,385,-1,384,385,386,-1,386,385,387,-1,386,387,388,-1,388,387,389,-1,388,389,390,-1,390,389,391,-1,390,391,392,-1,392,391,393,-1,394,392,395,-1,395,392,393,-1,361,394,363,-1,363,394,395,-1,394,361,392,-1,392,361,360,-1,392,360,390,-1,390,360,365,-1,390,365,388,-1,388,365,367,-1,388,367,386,-1,386,367,369,-1,386,369,384,-1,384,369,371,-1,384,371,382,-1,382,371,373,-1,382,373,378,-1,378,373,375,-1,378,375,379,-1,379,375,376,-1,381,377,380,-1,380,377,374,-1,380,374,383,-1,383,374,372,-1,383,372,385,-1,385,372,370,-1,385,370,387,-1,387,370,368,-1,387,368,389,-1,389,368,366,-1,389,366,391,-1,391,366,364,-1,391,364,393,-1,393,364,362,-1,393,362,395,-1,395,362,363,-1,396,397,398,-1,398,397,399,-1,396,398,400,-1,396,400,401,-1,401,400,402,-1,401,402,403,-1,403,402,404,-1,403,404,405,-1,405,404,406,-1,405,406,407,-1,407,406,408,-1,407,408,409,-1,409,408,410,-1,409,410,411,-1,412,411,413,-1,413,411,410,-1,414,415,416,-1,416,415,417,-1,414,416,418,-1,418,416,419,-1,418,419,420,-1,420,419,421,-1,420,421,422,-1,422,421,423,-1,422,423,424,-1,424,423,425,-1,424,425,426,-1,426,425,427,-1,426,427,428,-1,428,427,429,-1,430,428,431,-1,431,428,429,-1,397,430,399,-1,399,430,431,-1,430,397,428,-1,428,397,396,-1,428,396,426,-1,426,396,401,-1,426,401,424,-1,424,401,403,-1,424,403,422,-1,422,403,405,-1,422,405,420,-1,420,405,407,-1,420,407,418,-1,418,407,409,-1,418,409,414,-1,414,409,411,-1,414,411,415,-1,415,411,412,-1,417,413,416,-1,416,413,410,-1,416,410,419,-1,419,410,408,-1,419,408,421,-1,421,408,406,-1,421,406,423,-1,423,406,404,-1,423,404,425,-1,425,404,402,-1,425,402,427,-1,427,402,400,-1,427,400,429,-1,429,400,398,-1,429,398,431,-1,431,398,399,-1,432,433,434,-1,434,433,435,-1,432,434,436,-1,432,436,437,-1,437,436,438,-1,437,438,439,-1,439,438,440,-1,439,440,441,-1,441,440,442,-1,441,442,443,-1,443,442,444,-1,443,444,445,-1,445,444,446,-1,445,446,447,-1,448,447,449,-1,449,447,446,-1,450,451,452,-1,452,451,453,-1,450,452,454,-1,454,452,455,-1,454,455,456,-1,456,455,457,-1,456,457,458,-1,458,457,459,-1,458,459,460,-1,460,459,461,-1,460,461,462,-1,462,461,463,-1,462,463,464,-1,464,463,465,-1,466,464,467,-1,467,464,465,-1,433,466,435,-1,435,466,467,-1,466,433,464,-1,464,433,432,-1,464,432,462,-1,462,432,437,-1,462,437,460,-1,460,437,439,-1,460,439,458,-1,458,439,441,-1,458,441,456,-1,456,441,443,-1,456,443,454,-1,454,443,445,-1,454,445,450,-1,450,445,447,-1,450,447,451,-1,451,447,448,-1,453,449,452,-1,452,449,446,-1,452,446,455,-1,455,446,444,-1,455,444,457,-1,457,444,442,-1,457,442,459,-1,459,442,440,-1,459,440,461,-1,461,440,438,-1,461,438,463,-1,463,438,436,-1,463,436,465,-1,465,436,434,-1,465,434,467,-1,467,434,435,-1,468,469,470,-1,470,469,471,-1,472,468,473,-1,473,468,470,-1,474,472,475,-1,475,472,473,-1,474,475,476,-1,476,475,477,-1,476,477,478,-1,478,477,479,-1,478,479,480,-1,480,479,481,-1,480,481,482,-1,482,481,483,-1,482,483,484,-1,484,483,485,-1,484,485,486,-1,486,485,487,-1,488,486,489,-1,489,486,487,-1,490,491,492,-1,492,491,493,-1,490,492,494,-1,490,494,495,-1,495,494,496,-1,495,496,497,-1,497,496,498,-1,497,498,499,-1,499,498,500,-1,499,500,501,-1,501,500,502,-1,501,502,503,-1,503,502,471,-1,503,471,469,-1,488,491,486,-1,486,491,490,-1,486,490,484,-1,484,490,495,-1,484,495,482,-1,482,495,497,-1,482,497,480,-1,480,497,499,-1,480,499,478,-1,478,499,501,-1,478,501,476,-1,476,501,503,-1,476,503,474,-1,474,503,469,-1,474,469,472,-1,472,469,468,-1,473,470,475,-1,475,470,471,-1,475,471,477,-1,477,471,502,-1,477,502,479,-1,479,502,500,-1,479,500,481,-1,481,500,498,-1,481,498,483,-1,483,498,496,-1,483,496,485,-1,485,496,494,-1,485,494,487,-1,487,494,492,-1,487,492,489,-1,489,492,493,-1,504,505,506,-1,506,505,507,-1,508,504,509,-1,509,504,506,-1,510,508,511,-1,511,508,509,-1,510,511,512,-1,512,511,513,-1,512,513,514,-1,514,513,515,-1,514,515,516,-1,516,515,517,-1,516,517,518,-1,518,517,519,-1,518,519,520,-1,520,519,521,-1,520,521,522,-1,522,521,523,-1,524,522,525,-1,525,522,523,-1,526,527,528,-1,528,527,529,-1,526,528,530,-1,526,530,531,-1,531,530,532,-1,531,532,533,-1,533,532,534,-1,533,534,535,-1,535,534,536,-1,535,536,537,-1,537,536,538,-1,537,538,539,-1,539,538,507,-1,539,507,505,-1,524,527,522,-1,522,527,526,-1,522,526,520,-1,520,526,531,-1,520,531,518,-1,518,531,533,-1,518,533,516,-1,516,533,535,-1,516,535,514,-1,514,535,537,-1,514,537,512,-1,512,537,539,-1,512,539,510,-1,510,539,505,-1,510,505,508,-1,508,505,504,-1,509,506,511,-1,511,506,507,-1,511,507,513,-1,513,507,538,-1,513,538,515,-1,515,538,536,-1,515,536,517,-1,517,536,534,-1,517,534,519,-1,519,534,532,-1,519,532,521,-1,521,532,530,-1,521,530,523,-1,523,530,528,-1,523,528,525,-1,525,528,529,-1,540,541,542,-1,542,541,543,-1,544,540,545,-1,545,540,542,-1,546,544,547,-1,547,544,545,-1,546,547,548,-1,548,547,549,-1,548,549,550,-1,550,549,551,-1,550,551,552,-1,552,551,553,-1,552,553,554,-1,554,553,555,-1,554,555,556,-1,556,555,557,-1,556,557,558,-1,558,557,559,-1,560,558,561,-1,561,558,559,-1,562,563,564,-1,564,563,565,-1,562,564,566,-1,562,566,567,-1,567,566,568,-1,567,568,569,-1,569,568,570,-1,569,570,571,-1,571,570,572,-1,571,572,573,-1,573,572,574,-1,573,574,575,-1,575,574,543,-1,575,543,541,-1,560,563,558,-1,558,563,562,-1,558,562,556,-1,556,562,567,-1,556,567,554,-1,554,567,569,-1,554,569,552,-1,552,569,571,-1,552,571,550,-1,550,571,573,-1,550,573,548,-1,548,573,575,-1,548,575,546,-1,546,575,541,-1,546,541,544,-1,544,541,540,-1,545,542,547,-1,547,542,543,-1,547,543,549,-1,549,543,574,-1,549,574,551,-1,551,574,572,-1,551,572,553,-1,553,572,570,-1,553,570,555,-1,555,570,568,-1,555,568,557,-1,557,568,566,-1,557,566,559,-1,559,566,564,-1,559,564,561,-1,561,564,565,-1,576,577,578,-1,578,577,579,-1,580,576,581,-1,581,576,578,-1,582,580,583,-1,583,580,581,-1,582,583,584,-1,584,583,585,-1,584,585,586,-1,586,585,587,-1,586,587,588,-1,588,587,589,-1,588,589,590,-1,590,589,591,-1,590,591,592,-1,592,591,593,-1,592,593,594,-1,594,593,595,-1,596,594,597,-1,597,594,595,-1,598,599,600,-1,600,599,601,-1,598,600,602,-1,598,602,603,-1,603,602,604,-1,603,604,605,-1,605,604,606,-1,605,606,607,-1,607,606,608,-1,607,608,609,-1,609,608,610,-1,609,610,611,-1,611,610,579,-1,611,579,577,-1,596,599,594,-1,594,599,598,-1,594,598,592,-1,592,598,603,-1,592,603,590,-1,590,603,605,-1,590,605,588,-1,588,605,607,-1,588,607,586,-1,586,607,609,-1,586,609,584,-1,584,609,611,-1,584,611,582,-1,582,611,577,-1,582,577,580,-1,580,577,576,-1,581,578,583,-1,583,578,579,-1,583,579,585,-1,585,579,610,-1,585,610,587,-1,587,610,608,-1,587,608,589,-1,589,608,606,-1,589,606,591,-1,591,606,604,-1,591,604,593,-1,593,604,602,-1,593,602,595,-1,595,602,600,-1,595,600,597,-1,597,600,601,-1,612,613,614,-1,614,613,615,-1,616,612,617,-1,617,612,614,-1,618,616,619,-1,619,616,617,-1,618,619,620,-1,620,619,621,-1,620,621,622,-1,622,621,623,-1,622,623,624,-1,624,623,625,-1,624,625,626,-1,626,625,627,-1,626,627,628,-1,628,627,629,-1,628,629,630,-1,630,629,631,-1,632,630,633,-1,633,630,631,-1,634,635,636,-1,636,635,637,-1,634,636,638,-1,634,638,639,-1,639,638,640,-1,639,640,641,-1,641,640,642,-1,641,642,643,-1,643,642,644,-1,643,644,645,-1,645,644,646,-1,645,646,647,-1,647,646,615,-1,647,615,613,-1,632,635,630,-1,630,635,634,-1,630,634,628,-1,628,634,639,-1,628,639,626,-1,626,639,641,-1,626,641,624,-1,624,641,643,-1,624,643,622,-1,622,643,645,-1,622,645,620,-1,620,645,647,-1,620,647,618,-1,618,647,613,-1,618,613,616,-1,616,613,612,-1,617,614,619,-1,619,614,615,-1,619,615,621,-1,621,615,646,-1,621,646,623,-1,623,646,644,-1,623,644,625,-1,625,644,642,-1,625,642,627,-1,627,642,640,-1,627,640,629,-1,629,640,638,-1,629,638,631,-1,631,638,636,-1,631,636,633,-1,633,636,637,-1,648,649,650,-1,650,649,651,-1,652,648,653,-1,653,648,650,-1,654,652,655,-1,655,652,653,-1,654,655,656,-1,656,655,657,-1,656,657,658,-1,658,657,659,-1,658,659,660,-1,660,659,661,-1,660,661,662,-1,662,661,663,-1,662,663,664,-1,664,663,665,-1,664,665,666,-1,666,665,667,-1,668,666,669,-1,669,666,667,-1,670,671,672,-1,672,671,673,-1,670,672,674,-1,670,674,675,-1,675,674,676,-1,675,676,677,-1,677,676,678,-1,677,678,679,-1,679,678,680,-1,679,680,681,-1,681,680,682,-1,681,682,683,-1,683,682,651,-1,683,651,649,-1,668,671,666,-1,666,671,670,-1,666,670,664,-1,664,670,675,-1,664,675,662,-1,662,675,677,-1,662,677,660,-1,660,677,679,-1,660,679,658,-1,658,679,681,-1,658,681,656,-1,656,681,683,-1,656,683,654,-1,654,683,649,-1,654,649,652,-1,652,649,648,-1,653,650,655,-1,655,650,651,-1,655,651,657,-1,657,651,682,-1,657,682,659,-1,659,682,680,-1,659,680,661,-1,661,680,678,-1,661,678,663,-1,663,678,676,-1,663,676,665,-1,665,676,674,-1,665,674,667,-1,667,674,672,-1,667,672,669,-1,669,672,673,-1,684,685,686,-1,686,685,687,-1,688,684,689,-1,689,684,686,-1,690,688,691,-1,691,688,689,-1,690,691,692,-1,692,691,693,-1,692,693,694,-1,694,693,695,-1,694,695,696,-1,696,695,697,-1,696,697,698,-1,698,697,699,-1,698,699,700,-1,700,699,701,-1,700,701,702,-1,702,701,703,-1,704,702,705,-1,705,702,703,-1,706,707,708,-1,708,707,709,-1,706,708,710,-1,706,710,711,-1,711,710,712,-1,711,712,713,-1,713,712,714,-1,713,714,715,-1,715,714,716,-1,715,716,717,-1,717,716,718,-1,717,718,719,-1,719,718,687,-1,719,687,685,-1,704,707,702,-1,702,707,706,-1,702,706,700,-1,700,706,711,-1,700,711,698,-1,698,711,713,-1,698,713,696,-1,696,713,715,-1,696,715,694,-1,694,715,717,-1,694,717,692,-1,692,717,719,-1,692,719,690,-1,690,719,685,-1,690,685,688,-1,688,685,684,-1,689,686,691,-1,691,686,687,-1,691,687,693,-1,693,687,718,-1,693,718,695,-1,695,718,716,-1,695,716,697,-1,697,716,714,-1,697,714,699,-1,699,714,712,-1,699,712,701,-1,701,712,710,-1,701,710,703,-1,703,710,708,-1,703,708,705,-1,705,708,709,-1,720,721,722,-1,722,721,723,-1,724,720,725,-1,725,720,722,-1,726,724,727,-1,727,724,725,-1,726,727,728,-1,728,727,729,-1,728,729,730,-1,730,729,731,-1,730,731,732,-1,732,731,733,-1,732,733,734,-1,734,733,735,-1,734,735,736,-1,736,735,737,-1,736,737,738,-1,738,737,739,-1,740,738,741,-1,741,738,739,-1,742,743,744,-1,744,743,745,-1,742,744,746,-1,742,746,747,-1,747,746,748,-1,747,748,749,-1,749,748,750,-1,749,750,751,-1,751,750,752,-1,751,752,753,-1,753,752,754,-1,753,754,755,-1,755,754,723,-1,755,723,721,-1,740,743,738,-1,738,743,742,-1,738,742,736,-1,736,742,747,-1,736,747,734,-1,734,747,749,-1,734,749,732,-1,732,749,751,-1,732,751,730,-1,730,751,753,-1,730,753,728,-1,728,753,755,-1,728,755,726,-1,726,755,721,-1,726,721,724,-1,724,721,720,-1,725,722,727,-1,727,722,723,-1,727,723,729,-1,729,723,754,-1,729,754,731,-1,731,754,752,-1,731,752,733,-1,733,752,750,-1,733,750,735,-1,735,750,748,-1,735,748,737,-1,737,748,746,-1,737,746,739,-1,739,746,744,-1,739,744,741,-1,741,744,745,-1,756,757,758,-1,758,757,759,-1,760,756,761,-1,761,756,758,-1,762,760,763,-1,763,760,761,-1,762,763,764,-1,764,763,765,-1,764,765,766,-1,766,765,767,-1,766,767,768,-1,768,767,769,-1,768,769,770,-1,770,769,771,-1,770,771,772,-1,772,771,773,-1,772,773,774,-1,774,773,775,-1,776,774,777,-1,777,774,775,-1,778,779,780,-1,780,779,781,-1,778,780,782,-1,778,782,783,-1,783,782,784,-1,783,784,785,-1,785,784,786,-1,785,786,787,-1,787,786,788,-1,787,788,789,-1,789,788,790,-1,789,790,791,-1,791,790,759,-1,791,759,757,-1,776,779,774,-1,774,779,778,-1,774,778,772,-1,772,778,783,-1,772,783,770,-1,770,783,785,-1,770,785,768,-1,768,785,787,-1,768,787,766,-1,766,787,789,-1,766,789,764,-1,764,789,791,-1,764,791,762,-1,762,791,757,-1,762,757,760,-1,760,757,756,-1,761,758,763,-1,763,758,759,-1,763,759,765,-1,765,759,790,-1,765,790,767,-1,767,790,788,-1,767,788,769,-1,769,788,786,-1,769,786,771,-1,771,786,784,-1,771,784,773,-1,773,784,782,-1,773,782,775,-1,775,782,780,-1,775,780,777,-1,777,780,781,-1,792,793,794,-1,794,793,795,-1,796,792,797,-1,797,792,794,-1,798,796,799,-1,799,796,797,-1,798,799,800,-1,800,799,801,-1,800,801,802,-1,802,801,803,-1,802,803,804,-1,804,803,805,-1,804,805,806,-1,806,805,807,-1,806,807,808,-1,808,807,809,-1,808,809,810,-1,810,809,811,-1,812,810,813,-1,813,810,811,-1,814,815,816,-1,816,815,817,-1,814,816,818,-1,814,818,819,-1,819,818,820,-1,819,820,821,-1,821,820,822,-1,821,822,823,-1,823,822,824,-1,823,824,825,-1,825,824,826,-1,825,826,827,-1,827,826,795,-1,827,795,793,-1,812,815,810,-1,810,815,814,-1,810,814,808,-1,808,814,819,-1,808,819,806,-1,806,819,821,-1,806,821,804,-1,804,821,823,-1,804,823,802,-1,802,823,825,-1,802,825,800,-1,800,825,827,-1,800,827,798,-1,798,827,793,-1,798,793,796,-1,796,793,792,-1,797,794,799,-1,799,794,795,-1,799,795,801,-1,801,795,826,-1,801,826,803,-1,803,826,824,-1,803,824,805,-1,805,824,822,-1,805,822,807,-1,807,822,820,-1,807,820,809,-1,809,820,818,-1,809,818,811,-1,811,818,816,-1,811,816,813,-1,813,816,817,-1,828,829,830,-1,830,829,831,-1,832,828,833,-1,833,828,830,-1,834,832,835,-1,835,832,833,-1,834,835,836,-1,836,835,837,-1,836,837,838,-1,838,837,839,-1,838,839,840,-1,840,839,841,-1,840,841,842,-1,842,841,843,-1,842,843,844,-1,844,843,845,-1,844,845,846,-1,846,845,847,-1,848,846,849,-1,849,846,847,-1,850,851,852,-1,852,851,853,-1,850,852,854,-1,850,854,855,-1,855,854,856,-1,855,856,857,-1,857,856,858,-1,857,858,859,-1,859,858,860,-1,859,860,861,-1,861,860,862,-1,861,862,863,-1,863,862,831,-1,863,831,829,-1,848,851,846,-1,846,851,850,-1,846,850,844,-1,844,850,855,-1,844,855,842,-1,842,855,857,-1,842,857,840,-1,840,857,859,-1,840,859,838,-1,838,859,861,-1,838,861,836,-1,836,861,863,-1,836,863,834,-1,834,863,829,-1,834,829,832,-1,832,829,828,-1,833,830,835,-1,835,830,831,-1,835,831,837,-1,837,831,862,-1,837,862,839,-1,839,862,860,-1,839,860,841,-1,841,860,858,-1,841,858,843,-1,843,858,856,-1,843,856,845,-1,845,856,854,-1,845,854,847,-1,847,854,852,-1,847,852,849,-1,849,852,853,-1,
        ]
    }
}
Shape{
    appearance Appearance {
        material  Material {
            diffuseColor 1.0 1.0 1.0
            specularColor 0.5019607843137255 0.5019607843137255 0.5019607843137255
            ambientIntensity 1.0
            transparency 0.0
            shininess 0.5
        }
    }
    geometry IndexedFaceSet {
        ccw TRUE
        solid FALSE
        coord DEF co Coordinate {
            point [
                -0.5433 -0.5257 1.0459, -0.546 -0.5053 1.0663, -0.546 -0.5053 1.0255, -0.5539 -0.4863 1.0853, -0.5539 -0.4863 1.0065, -0.5664 -0.47 1.1016, -0.5664 -0.47 0.9902, -0.5741 -0.4632 0.9834, -0.6017 -0.4496 1.1219, -0.5919 -0.4529 0.9731, -0.5919 -0.4529 1.1186, -0.5827 -0.4575 0.9777, -0.5827 -0.4575 1.1141, -0.5741 -0.4632 1.1084, -0.622 -0.4469 1.1246, -0.622 -0.4469 0.9672, -0.6118 -0.4476 1.124, -0.6118 -0.4476 0.9678, -0.6017 -0.4496 0.9698, -0.5433 -0.6831 1.0459, -0.5451 -0.7 1.0628, -0.5463 -0.7034 1.0662, -0.5509 -0.7168 1.0796, -0.5543 -0.7223 1.085, -0.5602 -0.7319 1.0947, -0.5667 -0.7385 1.1012, -0.5727 -0.7445 1.1073, -0.5829 -0.751 1.1137, -0.5877 -0.754 1.1167, -0.6017 -0.7592 1.1219, -0.6045 -0.7597 1.1225, -0.6132 -0.7614 1.1241, -0.622 -0.7619 1.1246, -0.5451 -0.7 1.029, -0.6132 -0.7614 0.9677, -0.622 -0.7619 0.9672, -0.5463 -0.7034 1.0256, -0.5509 -0.7168 1.0122, -0.5543 -0.7223 1.0068, -0.5602 -0.7319 0.9971, -0.5667 -0.7385 0.9906, -0.5727 -0.7445 0.9845, -0.5829 -0.751 0.9781, -0.5877 -0.754 0.975, -0.6017 -0.7592 0.9698, -0.6045 -0.7597 0.9693, -0.5433 0.6831 1.0459, -0.5451 0.7 1.0628, -0.5455 0.7 1.029, -0.546 0.7035 1.0255, -0.5463 0.7034 1.0662, -0.5514 0.7166 1.0124, -0.5509 0.7168 1.0796, -0.5539 0.7225 1.0065, -0.5543 0.7223 1.085, -0.5608 0.7315 0.9975, -0.5602 0.7319 1.0947, -0.5664 0.7388 0.9902, -0.5667 0.7385 1.1012, -0.5727 0.7445 0.9845, -0.5727 0.7445 1.1073, -0.5829 0.751 0.9781, -0.5829 0.751 1.1137, -0.5877 0.754 0.975, -0.5877 0.754 1.1167, -0.6017 0.7592 1.1219, -0.6017 0.7592 0.9698, -0.6045 0.7597 1.1225, -0.6044 0.7599 0.9691, -0.6132 0.7614 1.1241, -0.6132 0.7614 0.9677, -0.622 0.7619 1.1246, -0.622 0.7619 0.9672, -0.5543 0.4865 1.085, -0.5433 0.5257 1.0459, -0.5451 0.5088 1.0628, -0.5463 0.5054 1.0662, -0.5509 0.492 1.0796, -0.622 0.4469 1.1246, -0.6132 0.4474 1.1241, -0.5602 0.4769 1.0947, -0.5667 0.4703 1.1012, -0.5727 0.4643 1.1073, -0.5829 0.4578 1.1137, -0.5877 0.4548 1.1167, -0.6017 0.4496 1.1219, -0.6045 0.4491 1.1225, -0.5451 0.5088 1.029, -0.5543 0.4865 1.0068, -0.5602 0.4769 0.9971, -0.622 0.4469 0.9672, -0.6132 0.4474 0.9677, -0.6045 0.4491 0.9693, -0.6017 0.4496 0.9698, -0.5877 0.4548 0.975, -0.5829 0.4578 0.9781, -0.5727 0.4643 0.9845, -0.5667 0.4703 0.9906, -0.5509 0.492 1.0122, -0.5463 0.5054 1.0256, 0.546 -0.5053 1.0255, 0.5433 -0.5257 1.0459, 0.5433 -0.6831 1.0459, 0.5451 -0.7 1.029, 0.5463 -0.7034 1.0256, 0.5539 -0.4863 1.0065, 0.5509 -0.7168 1.0122, 0.5543 -0.7223 1.0068, 0.5664 -0.47 0.9902, 0.5602 -0.7319 0.9971, 0.5667 -0.7385 0.9906, 0.5741 -0.4632 0.9834, 0.5727 -0.7445 0.9845, 0.5829 -0.751 0.9781, 0.5827 -0.4575 0.9777, 0.5877 -0.754 0.975, 0.5919 -0.4529 0.9731, 0.6017 -0.7592 0.9698, 0.6017 -0.4496 0.9698, 0.6118 -0.4476 0.9678, 0.6045 -0.7597 0.9693, 0.622 -0.4469 0.9672, 0.6132 -0.7614 0.9677, 0.622 -0.7619 0.9672, 0.5451 -0.7 1.0628, 0.5543 -0.7223 1.085, 0.5602 -0.7319 1.0947, 0.622 -0.7619 1.1246, 0.6132 -0.7614 1.1241, 0.6045 -0.7597 1.1225, 0.6017 -0.7592 1.1219, 0.5877 -0.754 1.1167, 0.5829 -0.751 1.1137, 0.5727 -0.7445 1.1073, 0.5667 -0.7385 1.1012, 0.5509 -0.7168 1.0796, 0.5463 -0.7034 1.0662, 0.546 -0.5053 1.0663, 0.5539 -0.4863 1.0853, 0.5664 -0.47 1.1016, 0.5827 -0.4575 1.1141, 0.5741 -0.4632 1.1084, 0.5919 -0.4529 1.1186, 0.6017 -0.4496 1.1219, 0.6118 -0.4476 1.124, 0.622 -0.4469 1.1246, 0.5463 0.5054 1.0256, 0.546 0.7035 1.0255, 0.5455 0.7 1.029, 0.5433 0.6831 1.0459, 0.5433 0.5257 1.0459, 0.5451 0.5088 1.029, 0.5543 0.4865 1.0068, 0.5539 0.7225 1.0065, 0.5514 0.7166 1.0124, 0.5509 0.492 1.0122, 0.5667 0.4703 0.9906, 0.5664 0.7388 0.9902, 0.5608 0.7315 0.9975, 0.5602 0.4769 0.9971, 0.5829 0.4578 0.9781, 0.5829 0.751 0.9781, 0.5727 0.7445 0.9845, 0.5727 0.4643 0.9845, 0.5877 0.754 0.975, 0.5877 0.4548 0.975, 0.6017 0.7592 0.9698, 0.6017 0.4496 0.9698, 0.6044 0.7599 0.9691, 0.6045 0.4491 0.9693, 0.6132 0.7614 0.9677, 0.622 0.7619 0.9672, 0.6132 0.4474 0.9677, 0.622 0.4469 0.9672, 0.5451 0.5088 1.0628, 0.622 0.4469 1.1246, 0.6132 0.4474 1.1241, 0.6045 0.4491 1.1225, 0.6017 0.4496 1.1219, 0.5877 0.4548 1.1167, 0.5829 0.4578 1.1137, 0.5463 0.5054 1.0662, 0.5509 0.492 1.0796, 0.5543 0.4865 1.085, 0.5602 0.4769 1.0947, 0.5667 0.4703 1.1012, 0.5727 0.4643 1.1073, 0.5455 0.7 1.0627, 0.5514 0.7166 1.0794, 0.546 0.7035 1.0663, 0.5539 0.7225 1.0853, 0.5608 0.7315 1.0942, 0.5664 0.7388 1.1016, 0.5727 0.7445 1.1073, 0.5829 0.751 1.1137, 0.5877 0.754 1.1167, 0.6017 0.7592 1.1219, 0.6044 0.7599 1.1226, 0.6132 0.7614 1.1241, 0.622 0.7619 1.1246, 0.9055 -0.1969 0.0892, 0.7874 -0.1969 0.0892, 0.7874 -0.1942 0.0688, 0.9055 -0.1942 0.0688, 0.7874 -0.1863 0.0498, 0.9055 -0.1863 0.0498, 0.7874 -0.1738 0.0335, 0.9055 -0.1738 0.0335, 0.7874 -0.1575 0.021, 0.9055 -0.1575 0.021, 0.7874 -0.1385 0.0131, 0.9055 -0.1385 0.0131, 0.7874 -0.1181 0.0105, 0.9055 -0.1181 0.0105, 0.7874 0.1969 0.0892, 0.9055 0.1969 0.0892, 0.9055 0.1942 0.0688, 0.7874 0.1942 0.0688, 0.9055 0.1863 0.0498, 0.7874 0.1863 0.0498, 0.9055 0.1738 0.0335, 0.7874 0.1738 0.0335, 0.9055 0.1575 0.021, 0.7874 0.1575 0.021, 0.9055 0.1385 0.0131, 0.7874 0.1385 0.0131, 0.9055 0.1181 0.0105, 0.7874 0.1181 0.0105, -0.9055 -0.1181 0.0105, -0.7874 -0.1181 0.0105, -0.7874 -0.1385 0.0131, -0.9055 -0.1385 0.0131, -0.7874 -0.1575 0.021, -0.9055 -0.1575 0.021, -0.7874 -0.1738 0.0335, -0.9055 -0.1738 0.0335, -0.7874 -0.1863 0.0498, -0.9055 -0.1863 0.0498, -0.7874 -0.1942 0.0688, -0.9055 -0.1942 0.0688, -0.7874 -0.1969 0.0892, -0.9055 -0.1969 0.0892, -0.7874 0.1181 0.0105, -0.9055 0.1181 0.0105, -0.9055 0.1385 0.0131, -0.7874 0.1385 0.0131, -0.9055 0.1575 0.021, -0.7874 0.1575 0.021, -0.9055 0.1738 0.0335, -0.7874 0.1738 0.0335, -0.9055 0.1863 0.0498, -0.7874 0.1863 0.0498, -0.9055 0.1942 0.0688, -0.7874 0.1942 0.0688, -0.9055 0.1969 0.0892, -0.7874 0.1969 0.0892
            ]
        }
        coordIndex [
            0,1,2,-1,2,1,3,-1,2,3,4,-1,4,3,5,-1,4,5,6,-1,6,5,7,-1,8,9,10,-1,10,9,11,-1,10,11,12,-1,12,11,7,-1,12,7,13,-1,13,7,5,-1,14,15,16,-1,16,15,17,-1,16,17,8,-1,8,17,18,-1,8,18,9,-1,1,0,19,-1,19,20,1,-1,1,20,21,-1,1,21,3,-1,21,22,3,-1,3,22,23,-1,3,23,5,-1,23,24,5,-1,5,24,25,-1,5,25,13,-1,25,26,13,-1,13,26,27,-1,13,27,12,-1,12,27,28,-1,12,28,10,-1,10,28,29,-1,10,29,8,-1,8,29,16,-1,16,29,30,-1,16,30,14,-1,14,30,31,-1,14,31,32,-1,33,20,19,-1,30,34,31,-1,31,34,35,-1,31,35,32,-1,20,33,21,-1,21,33,36,-1,21,36,22,-1,22,36,37,-1,22,37,23,-1,23,37,38,-1,23,38,24,-1,24,38,39,-1,24,39,25,-1,25,39,40,-1,25,40,26,-1,26,40,41,-1,26,41,27,-1,27,41,42,-1,27,42,28,-1,28,42,43,-1,28,43,29,-1,29,43,44,-1,29,44,30,-1,30,44,45,-1,30,45,34,-1,19,0,33,-1,33,0,2,-1,33,2,36,-1,36,2,37,-1,37,2,4,-1,37,4,38,-1,38,4,39,-1,39,4,6,-1,39,6,40,-1,40,6,41,-1,41,6,7,-1,41,7,42,-1,42,7,11,-1,42,11,43,-1,43,11,9,-1,43,9,44,-1,35,34,15,-1,15,34,45,-1,15,45,17,-1,17,45,44,-1,17,44,18,-1,18,44,9,-1,46,47,48,-1,48,47,49,-1,49,47,50,-1,49,50,51,-1,51,50,52,-1,51,52,53,-1,53,52,54,-1,53,54,55,-1,55,54,56,-1,55,56,57,-1,57,56,58,-1,57,58,59,-1,59,58,60,-1,59,60,61,-1,61,60,62,-1,61,62,63,-1,62,64,63,-1,63,64,65,-1,63,65,66,-1,66,65,67,-1,66,67,68,-1,68,67,69,-1,68,69,70,-1,70,69,71,-1,70,71,72,-1,73,54,52,-1,46,74,47,-1,47,74,75,-1,47,75,50,-1,50,75,76,-1,50,76,52,-1,52,76,77,-1,52,77,73,-1,71,69,78,-1,78,69,67,-1,78,67,79,-1,54,73,56,-1,56,73,80,-1,56,80,58,-1,58,80,81,-1,58,81,60,-1,60,81,82,-1,60,82,62,-1,62,82,83,-1,62,83,64,-1,64,83,84,-1,64,84,65,-1,65,84,85,-1,65,85,67,-1,67,85,86,-1,67,86,79,-1,87,75,74,-1,88,89,73,-1,90,78,79,-1,90,79,91,-1,91,79,86,-1,91,86,92,-1,92,86,93,-1,93,86,85,-1,93,85,94,-1,85,84,94,-1,94,84,83,-1,94,83,95,-1,95,83,82,-1,95,82,96,-1,96,82,81,-1,96,81,97,-1,97,81,89,-1,89,81,80,-1,89,80,73,-1,88,73,98,-1,98,73,77,-1,98,77,76,-1,75,87,76,-1,76,87,99,-1,76,99,98,-1,74,46,87,-1,87,46,48,-1,87,48,99,-1,99,48,49,-1,99,49,98,-1,98,49,51,-1,98,51,88,-1,88,51,53,-1,88,53,89,-1,89,53,55,-1,89,55,97,-1,97,55,57,-1,97,57,96,-1,96,57,59,-1,96,59,95,-1,66,94,63,-1,63,94,95,-1,63,95,61,-1,61,95,59,-1,68,92,66,-1,66,92,93,-1,66,93,94,-1,90,91,72,-1,72,91,92,-1,72,92,70,-1,70,92,68,-1,100,101,102,-1,102,103,100,-1,100,103,104,-1,100,104,105,-1,104,106,105,-1,105,106,107,-1,105,107,108,-1,107,109,108,-1,108,109,110,-1,108,110,111,-1,110,112,111,-1,111,112,113,-1,111,113,114,-1,114,113,115,-1,114,115,116,-1,116,115,117,-1,116,117,118,-1,118,117,119,-1,119,117,120,-1,119,120,121,-1,121,120,122,-1,121,122,123,-1,124,103,102,-1,125,126,107,-1,127,123,122,-1,127,122,128,-1,128,122,120,-1,128,120,129,-1,129,120,117,-1,129,117,130,-1,130,117,115,-1,130,115,131,-1,131,115,113,-1,131,113,132,-1,132,113,112,-1,132,112,133,-1,133,112,110,-1,133,110,134,-1,134,110,126,-1,126,110,109,-1,126,109,107,-1,125,107,135,-1,135,107,106,-1,135,106,104,-1,103,124,104,-1,104,124,136,-1,104,136,135,-1,101,100,137,-1,137,100,105,-1,137,105,138,-1,138,105,108,-1,138,108,139,-1,114,140,141,-1,139,108,141,-1,141,108,111,-1,141,111,114,-1,140,114,142,-1,142,114,116,-1,142,116,143,-1,116,118,143,-1,143,118,119,-1,143,119,144,-1,144,119,121,-1,144,121,145,-1,127,128,145,-1,145,128,129,-1,145,129,144,-1,144,129,130,-1,144,130,143,-1,143,130,142,-1,142,130,131,-1,142,131,140,-1,140,131,132,-1,140,132,141,-1,141,132,133,-1,141,133,139,-1,133,134,139,-1,139,134,126,-1,139,126,138,-1,126,125,138,-1,138,125,135,-1,138,135,137,-1,102,101,124,-1,124,101,137,-1,124,137,136,-1,136,137,135,-1,146,147,148,-1,149,150,148,-1,148,150,151,-1,148,151,146,-1,152,153,154,-1,147,146,154,-1,154,146,155,-1,154,155,152,-1,156,157,158,-1,153,152,158,-1,158,152,159,-1,158,159,156,-1,160,161,162,-1,157,156,162,-1,162,156,163,-1,162,163,160,-1,161,160,164,-1,164,160,165,-1,164,165,166,-1,166,165,167,-1,166,167,168,-1,168,167,169,-1,168,169,170,-1,170,169,171,-1,171,169,172,-1,171,172,173,-1,174,151,150,-1,175,173,176,-1,176,173,172,-1,176,172,177,-1,172,169,177,-1,177,169,167,-1,177,167,178,-1,178,167,165,-1,178,165,179,-1,179,165,160,-1,179,160,180,-1,180,160,163,-1,151,174,146,-1,146,174,181,-1,146,181,155,-1,155,181,182,-1,155,182,152,-1,152,182,183,-1,152,183,159,-1,159,183,184,-1,159,184,156,-1,156,184,185,-1,156,185,163,-1,163,185,186,-1,163,186,180,-1,149,148,187,-1,154,188,189,-1,187,148,189,-1,189,148,147,-1,189,147,154,-1,188,154,190,-1,190,154,153,-1,190,153,191,-1,191,153,158,-1,191,158,192,-1,192,158,157,-1,192,157,193,-1,193,157,162,-1,193,162,194,-1,194,162,161,-1,194,161,195,-1,195,161,164,-1,195,164,196,-1,196,164,166,-1,196,166,197,-1,166,168,197,-1,197,168,170,-1,197,170,198,-1,198,170,171,-1,198,171,199,-1,196,197,177,-1,175,176,199,-1,199,176,177,-1,199,177,198,-1,198,177,197,-1,177,178,196,-1,196,178,179,-1,196,179,195,-1,195,179,180,-1,150,149,174,-1,174,149,187,-1,174,187,181,-1,181,187,189,-1,181,189,182,-1,182,189,188,-1,182,188,183,-1,183,188,190,-1,183,190,184,-1,184,190,191,-1,184,191,185,-1,185,191,192,-1,185,192,186,-1,186,192,193,-1,186,193,180,-1,180,193,194,-1,180,194,195,-1,200,201,202,-1,200,202,203,-1,203,202,204,-1,203,204,205,-1,205,204,206,-1,205,206,207,-1,207,206,208,-1,207,208,209,-1,209,208,210,-1,209,210,211,-1,211,210,212,-1,211,212,213,-1,214,215,216,-1,214,216,217,-1,217,216,218,-1,217,218,219,-1,219,218,220,-1,219,220,221,-1,221,220,222,-1,221,222,223,-1,223,222,224,-1,223,224,225,-1,225,224,226,-1,225,226,227,-1,228,229,230,-1,228,230,231,-1,231,230,232,-1,231,232,233,-1,233,232,234,-1,233,234,235,-1,235,234,236,-1,235,236,237,-1,237,236,238,-1,237,238,239,-1,239,238,240,-1,239,240,241,-1,242,243,244,-1,242,244,245,-1,245,244,246,-1,245,246,247,-1,247,246,248,-1,247,248,249,-1,249,248,250,-1,249,250,251,-1,251,250,252,-1,251,252,253,-1,253,252,254,-1,253,254,255,-1,
        ]
    }
}
Shape{
    appearance Appearance {
        material  Material {
            diffuseColor 0.0 0.0 0.0
            specularColor 0.0 0.0 0.0
            ambientIntensity 0.0
            transparency 0.0
            shininess 0.5
        }
    }
    geometry IndexedFaceSet {
        ccw TRUE
        solid FALSE
        coord DEF co Coordinate {
            point [
                -0.0681 -0.2224 0.276, 0.05 -0.2685 0.276, -0.0681 -0.2224 0.2756, 0.05 -0.2685 0.2756, 0.05 -0.2512 0.276, 0.05 -0.2512 0.2756, 0.0169 -0.2393 0.276, 0.0169 -0.2393 0.2756, 0.0169 -0.2069 0.2756, 0.0169 -0.1905 0.276, 0.0169 -0.1905 0.2756, 0.05 -0.1792 0.276, 0.05 -0.1792 0.2756, 0.05 -0.1619 0.276, 0.05 -0.1619 0.2756, -0.0681 -0.2066 0.276, -0.0681 -0.2066 0.2756, -0.0681 -0.2069 0.2756, 0.0039 -0.1945 0.276, -0.0454 -0.2121 0.276, -0.0495 -0.2132 0.276, -0.0537 -0.214 0.276, -0.0537 -0.2144 0.276, -0.0495 -0.2151 0.276, -0.0454 -0.2162 0.276, 0.0039 -0.234 0.276, 0.0039 -0.1945 0.2756, 0.0039 -0.234 0.2756, -0.0454 -0.2121 0.2756, -0.0495 -0.2132 0.2756, -0.0537 -0.214 0.2756, -0.0537 -0.2144 0.2756, -0.0495 -0.2151 0.2756, -0.0454 -0.2162 0.2756, 0.05 -0.0903 0.276, 0.05 -0.0582 0.276, 0.05 -0.0903 0.2756, 0.05 -0.0582 0.2756, -0.0681 -0.0582 0.276, -0.0681 -0.0582 0.2756, -0.0681 -0.0915 0.276, -0.0681 -0.0915 0.2756, -0.0106 -0.1533 0.276, -0.0106 -0.1533 0.2756, -0.0217 -0.1524 0.2756, -0.0217 -0.1524 0.276, -0.0333 -0.1492 0.2756, -0.0333 -0.1492 0.276, -0.0435 -0.1438 0.2756, -0.0435 -0.1438 0.276, -0.0527 -0.1354 0.2756, -0.0527 -0.1354 0.276, -0.0528 -0.1353 0.2756, -0.0528 -0.1353 0.276, -0.0614 -0.1224 0.2756, -0.0614 -0.1224 0.276, -0.0663 -0.1086 0.2756, -0.0663 -0.1086 0.276, 0.0487 -0.1049 0.2756, 0.0487 -0.1049 0.276, 0.0447 -0.1186 0.2756, 0.0447 -0.1186 0.276, 0.0375 -0.1309 0.2756, 0.0375 -0.1309 0.276, 0.0282 -0.1406 0.2756, 0.0282 -0.1406 0.276, 0.0176 -0.1474 0.2756, 0.0176 -0.1474 0.276, 0.0052 -0.1516 0.2756, 0.0052 -0.1516 0.276, -0.0386 -0.1296 0.276, -0.0447 -0.1238 0.276, -0.0503 -0.1152 0.276, -0.0537 -0.1055 0.276, -0.0552 -0.0915 0.276, -0.0552 -0.0741 0.276, 0.037 -0.0741 0.276, 0.037 -0.0908 0.276, 0.0359 -0.1033 0.276, 0.0328 -0.1132 0.276, 0.028 -0.1213 0.276, 0.0214 -0.1279 0.276, 0.0133 -0.1329 0.276, 0.0022 -0.1363 0.276, -0.0102 -0.1374 0.276, -0.022 -0.1364 0.276, -0.0313 -0.1337 0.276, -0.0552 -0.0915 0.2756, -0.0552 -0.0741 0.2756, -0.0537 -0.1055 0.2756, -0.0503 -0.1152 0.2756, -0.0447 -0.1238 0.2756, -0.0386 -0.1296 0.2756, -0.0313 -0.1337 0.2756, -0.022 -0.1364 0.2756, -0.0102 -0.1374 0.2756, 0.0022 -0.1363 0.2756, 0.0133 -0.1329 0.2756, 0.0214 -0.1279 0.2756, 0.028 -0.1213 0.2756, 0.0328 -0.1132 0.2756, 0.0359 -0.1033 0.2756, 0.037 -0.0908 0.2756, 0.037 -0.0741 0.2756, 0.037 -0.0352 0.276, 0.05 -0.0352 0.276, 0.037 -0.0352 0.2756, 0.05 -0.0352 0.2756, 0.05 0.0282 0.276, 0.05 0.0282 0.2756, -0.0681 0.0282 0.276, -0.0681 0.0282 0.2756, -0.0681 -0.0323 0.276, -0.0681 -0.0323 0.2756, -0.0552 -0.0323 0.276, -0.0552 -0.0323 0.2756, -0.0552 0.0124 0.276, -0.0552 0.0124 0.2756, -0.0163 0.0124 0.276, -0.0163 0.0124 0.2756, -0.0163 -0.0294 0.276, -0.0163 -0.0294 0.2756, -0.0033 -0.0294 0.276, -0.0033 -0.0294 0.2756, -0.0033 0.0124 0.276, -0.0033 0.0124 0.2756, 0.037 0.0124 0.276, 0.037 0.0124 0.2756, 0.0309 0.0513 0.276, 0.0439 0.0513 0.276, 0.0309 0.0513 0.2756, 0.0439 0.0513 0.2756, 0.0447 0.0532 0.2756, 0.049 0.0638 0.276, 0.049 0.0638 0.2756, 0.0514 0.0805 0.276, 0.0514 0.0805 0.2756, 0.0514 0.0838 0.276, 0.0514 0.0838 0.2756, -0.0068 0.1391 0.276, -0.0068 0.1391 0.2756, 0.0068 0.138 0.2756, 0.0068 0.138 0.276, 0.0193 0.1344 0.2756, 0.0193 0.1344 0.276, 0.0306 0.1281 0.2756, 0.0306 0.1281 0.276, 0.0399 0.1193 0.2756, 0.0399 0.1193 0.276, 0.046 0.1098 0.2756, 0.046 0.1098 0.276, 0.0499 0.0983 0.2756, 0.0499 0.0983 0.276, -0.0686 0.0909 0.276, -0.0696 0.0791 0.276, -0.0688 0.0879 0.2756, -0.0696 0.0791 0.2756, -0.0686 0.0909 0.2756, -0.0648 0.1041 0.2756, -0.0648 0.1041 0.276, -0.0583 0.1153 0.2756, -0.0583 0.1153 0.276, -0.0481 0.126 0.2756, -0.0481 0.126 0.276, -0.037 0.1329 0.2756, -0.037 0.1329 0.276, -0.0236 0.1374 0.2756, -0.0236 0.1374 0.276, -0.0649 0.0513 0.276, -0.0649 0.0513 0.2756, -0.0654 0.0532 0.2756, -0.0686 0.0649 0.276, -0.0688 0.0686 0.2756, -0.0686 0.0649 0.2756, -0.049 0.0513 0.276, -0.049 0.0513 0.2756, -0.0499 0.0532 0.2756, -0.0547 0.0646 0.276, -0.0547 0.0646 0.2756, -0.0566 0.0789 0.276, -0.0566 0.0789 0.2756, -0.0078 0.1233 0.276, -0.0078 0.1233 0.2756, -0.017 0.1227 0.2756, -0.017 0.1227 0.276, -0.0296 0.1196 0.2756, -0.0296 0.1196 0.276, -0.0388 0.1147 0.2756, -0.0388 0.1147 0.276, -0.0466 0.1076 0.2756, -0.0466 0.1076 0.276, -0.0521 0.0994 0.2756, -0.0521 0.0994 0.276, -0.0553 0.0905 0.2756, -0.0553 0.0905 0.276, 0.0385 0.0816 0.276, 0.0385 0.0816 0.2756, 0.0372 0.0926 0.2756, 0.0372 0.0926 0.276, 0.0341 0.1012 0.2756, 0.0341 0.1012 0.276, 0.0292 0.1084 0.2756, 0.0292 0.1084 0.276, 0.0233 0.114 0.2756, 0.0233 0.114 0.276, 0.0151 0.1189 0.2756, 0.0151 0.1189 0.276, 0.005 0.1221 0.2756, 0.005 0.1221 0.276, 0.032 0.0532 0.2756, 0.0321 0.0534 0.276, 0.0321 0.0534 0.2756, 0.0367 0.0659 0.2756, 0.0367 0.0659 0.276, 0.037 0.1492 0.276, 0.05 0.1492 0.276, 0.037 0.1492 0.2756, 0.05 0.1492 0.2756, 0.05 0.2097 0.276, 0.05 0.2097 0.2756, -0.0681 0.2097 0.276, -0.0681 0.2097 0.2756, -0.0681 0.1939 0.276, -0.0681 0.1939 0.2756, 0.037 0.1939 0.276, 0.037 0.1939 0.2756
            ]
        }
        coordIndex [
            0,1,2,-1,2,1,3,-1,1,4,3,-1,3,4,5,-1,4,6,5,-1,5,6,7,-1,7,6,8,-1,8,6,9,-1,8,9,10,-1,9,11,10,-1,10,11,12,-1,11,13,12,-1,12,13,14,-1,13,15,14,-1,14,15,16,-1,0,2,15,-1,15,2,17,-1,15,17,16,-1,18,19,15,-1,13,11,9,-1,19,20,15,-1,15,20,21,-1,15,21,0,-1,0,21,22,-1,0,22,23,-1,23,24,0,-1,0,24,25,-1,0,25,1,-1,4,1,6,-1,6,1,25,-1,6,25,9,-1,9,25,18,-1,9,18,13,-1,13,18,15,-1,18,25,26,-1,26,25,27,-1,19,18,28,-1,28,18,26,-1,19,28,29,-1,19,29,20,-1,20,29,30,-1,20,30,21,-1,22,21,31,-1,31,21,30,-1,22,31,32,-1,22,32,23,-1,23,32,33,-1,23,33,24,-1,25,24,27,-1,27,24,33,-1,34,35,36,-1,36,35,37,-1,35,38,37,-1,37,38,39,-1,38,40,39,-1,39,40,41,-1,42,43,44,-1,42,44,45,-1,45,44,46,-1,45,46,47,-1,47,46,48,-1,47,48,49,-1,49,48,50,-1,49,50,51,-1,51,50,52,-1,51,52,53,-1,53,52,54,-1,53,54,55,-1,55,54,56,-1,55,56,57,-1,57,56,41,-1,57,41,40,-1,34,36,58,-1,34,58,59,-1,59,58,60,-1,59,60,61,-1,61,60,62,-1,61,62,63,-1,63,62,64,-1,63,64,65,-1,65,64,66,-1,65,66,67,-1,67,66,68,-1,67,68,69,-1,69,68,43,-1,69,43,42,-1,47,49,70,-1,70,49,51,-1,70,51,71,-1,71,51,53,-1,71,53,72,-1,72,53,55,-1,72,55,73,-1,73,55,57,-1,73,57,74,-1,74,57,40,-1,74,40,75,-1,75,40,38,-1,75,38,76,-1,76,38,35,-1,76,35,77,-1,77,35,34,-1,77,34,78,-1,78,34,59,-1,78,59,79,-1,79,59,61,-1,79,61,80,-1,80,61,63,-1,80,63,81,-1,81,63,65,-1,81,65,82,-1,82,65,67,-1,82,67,83,-1,83,67,69,-1,83,69,84,-1,84,69,42,-1,84,42,85,-1,85,42,45,-1,85,45,86,-1,86,45,47,-1,86,47,70,-1,74,75,87,-1,87,75,88,-1,74,87,89,-1,74,89,73,-1,73,89,90,-1,73,90,72,-1,72,90,91,-1,72,91,71,-1,71,91,92,-1,71,92,70,-1,70,92,93,-1,70,93,86,-1,86,93,94,-1,86,94,85,-1,85,94,95,-1,85,95,84,-1,84,95,96,-1,84,96,83,-1,83,96,97,-1,83,97,82,-1,82,97,98,-1,82,98,81,-1,81,98,99,-1,81,99,80,-1,80,99,100,-1,80,100,79,-1,79,100,101,-1,79,101,78,-1,78,101,102,-1,78,102,77,-1,76,77,103,-1,103,77,102,-1,75,76,88,-1,88,76,103,-1,104,105,106,-1,106,105,107,-1,105,108,107,-1,107,108,109,-1,108,110,109,-1,109,110,111,-1,110,112,111,-1,111,112,113,-1,112,114,113,-1,113,114,115,-1,114,116,115,-1,115,116,117,-1,116,118,117,-1,117,118,119,-1,118,120,119,-1,119,120,121,-1,120,122,121,-1,121,122,123,-1,122,124,123,-1,123,124,125,-1,124,126,125,-1,125,126,127,-1,126,104,127,-1,127,104,106,-1,108,105,104,-1,104,126,108,-1,108,126,124,-1,108,124,110,-1,114,112,116,-1,116,112,110,-1,116,110,118,-1,118,110,124,-1,118,124,120,-1,120,124,122,-1,128,129,130,-1,130,129,131,-1,131,129,132,-1,132,129,133,-1,132,133,134,-1,134,133,135,-1,134,135,136,-1,136,135,137,-1,136,137,138,-1,139,140,141,-1,139,141,142,-1,142,141,143,-1,142,143,144,-1,144,143,145,-1,144,145,146,-1,146,145,147,-1,146,147,148,-1,148,147,149,-1,148,149,150,-1,150,149,151,-1,150,151,152,-1,152,151,138,-1,152,138,137,-1,153,154,155,-1,155,154,156,-1,155,157,153,-1,153,157,158,-1,153,158,159,-1,159,158,160,-1,159,160,161,-1,161,160,162,-1,161,162,163,-1,163,162,164,-1,163,164,165,-1,165,164,166,-1,165,166,167,-1,167,166,140,-1,167,140,139,-1,168,169,170,-1,168,170,171,-1,156,154,172,-1,172,154,171,-1,172,171,173,-1,173,171,170,-1,168,174,169,-1,169,174,175,-1,175,174,176,-1,176,174,177,-1,176,177,178,-1,178,177,179,-1,178,179,180,-1,181,182,183,-1,181,183,184,-1,184,183,185,-1,184,185,186,-1,186,185,187,-1,186,187,188,-1,188,187,189,-1,188,189,190,-1,190,189,191,-1,190,191,192,-1,192,191,193,-1,192,193,194,-1,194,193,180,-1,194,180,179,-1,195,196,197,-1,195,197,198,-1,198,197,199,-1,198,199,200,-1,200,199,201,-1,200,201,202,-1,202,201,203,-1,202,203,204,-1,204,203,205,-1,204,205,206,-1,206,205,207,-1,206,207,208,-1,208,207,182,-1,208,182,181,-1,130,209,128,-1,128,209,210,-1,209,211,210,-1,210,211,212,-1,210,212,213,-1,213,212,196,-1,213,196,195,-1,198,137,195,-1,195,137,135,-1,195,135,213,-1,213,135,133,-1,213,133,210,-1,210,133,129,-1,210,129,128,-1,174,168,177,-1,177,168,171,-1,177,171,179,-1,179,171,154,-1,179,154,194,-1,194,154,153,-1,194,153,192,-1,192,153,159,-1,192,159,190,-1,190,159,161,-1,190,161,188,-1,188,161,163,-1,188,163,186,-1,186,163,165,-1,186,165,184,-1,184,165,167,-1,184,167,181,-1,181,167,139,-1,181,139,208,-1,208,139,142,-1,208,142,206,-1,206,142,144,-1,206,144,204,-1,204,144,146,-1,204,146,202,-1,202,146,148,-1,202,148,200,-1,200,148,150,-1,200,150,198,-1,198,150,152,-1,198,152,137,-1,214,215,216,-1,216,215,217,-1,215,218,217,-1,217,218,219,-1,218,220,219,-1,219,220,221,-1,220,222,221,-1,221,222,223,-1,222,224,223,-1,223,224,225,-1,224,214,225,-1,225,214,216,-1,222,220,224,-1,224,220,218,-1,224,218,214,-1,214,218,215,-1,
        ]
    }
}
Shape{
    appearance Appearance {
        material  Material {
            diffuseColor 0.5019607843137255 0.5019607843137255 0.5019607843137255
            specularColor 0.25098039215686274 0.25098039215686274 0.25098039215686274
            ambientIntensity 0.502
            transparency 0.0
            shininess 0.5
        }
    }
    geometry IndexedFaceSet {
        ccw TRUE
        solid FALSE
        coord DEF co Coordinate {
            point [
                0.0039 -0.1945 0.2756, 0.0039 -0.234 0.2756, -0.0454 -0.2121 0.2756, -0.0454 -0.2162 0.2756, -0.0495 -0.2132 0.2756, -0.0495 -0.2151 0.2756, -0.0537 -0.214 0.2756, -0.0537 -0.2144 0.2756, -0.0552 -0.0741 0.2756, 0.037 -0.0741 0.2756, -0.0552 -0.0915 0.2756, 0.037 -0.0908 0.2756, 0.0359 -0.1033 0.2756, -0.0102 -0.1374 0.2756, -0.022 -0.1364 0.2756, -0.0313 -0.1337 0.2756, -0.0537 -0.1055 0.2756, 0.0328 -0.1132 0.2756, 0.028 -0.1213 0.2756, 0.0214 -0.1279 0.2756, 0.0133 -0.1329 0.2756, 0.0022 -0.1363 0.2756, -0.0386 -0.1296 0.2756, -0.0447 -0.1238 0.2756, -0.0503 -0.1152 0.2756, -0.3071 -1.2874 1.9291, -0.3071 -1.2874 0.748, -0.3017 -1.3282 0.748, -0.3017 -1.3282 1.9291, -0.286 -1.3661 0.748, -0.286 -1.3661 1.9291, -0.261 -1.3988 0.748, -0.261 -1.3988 1.9291, -0.2283 -1.4238 0.748, -0.2283 -1.4238 1.9291, -0.1904 -1.4395 0.748, -0.1904 -1.4395 1.9291, -0.1496 -1.4449 0.748, -0.1496 -1.4449 1.9291, 0.1496 -1.4449 1.9291, 0.1496 -1.4449 0.748, 0.1904 -1.4395 0.748, 0.1904 -1.4395 1.9291, 0.2283 -1.4238 0.748, 0.2283 -1.4238 1.9291, 0.261 -1.3988 0.748, 0.261 -1.3988 1.9291, 0.286 -1.3661 0.748, 0.286 -1.3661 1.9291, 0.3017 -1.3282 0.748, 0.3017 -1.3282 1.9291, 0.3071 -1.2874 0.748, 0.3071 -1.2874 1.9291, 0.3071 1.2874 1.9291, 0.3071 1.2874 0.748, 0.3017 1.3282 0.748, 0.3017 1.3282 1.9291, 0.286 1.3661 0.748, 0.286 1.3661 1.9291, 0.261 1.3988 0.748, 0.261 1.3988 1.9291, 0.2283 1.4238 0.748, 0.2283 1.4238 1.9291, 0.1904 1.4395 0.748, 0.1904 1.4395 1.9291, 0.1496 1.4449 0.748, 0.1496 1.4449 1.9291, -0.1496 1.4449 1.9291, -0.1496 1.4449 0.748, -0.1904 1.4395 0.748, -0.1904 1.4395 1.9291, -0.2283 1.4238 0.748, -0.2283 1.4238 1.9291, -0.261 1.3988 0.748, -0.261 1.3988 1.9291, -0.286 1.3661 0.748, -0.286 1.3661 1.9291, -0.3017 1.3282 0.748, -0.3017 1.3282 1.9291, -0.3071 1.2874 0.748, -0.3071 1.2874 1.9291, -0.1147 1.3549 1.9291, -0.0984 1.3674 1.9291, 0.1378 1.2992 1.9291, 0.1351 1.3196 1.9291, 0.1272 1.3386 1.9291, 0.1147 1.3549 1.9291, 0.0984 1.3674 1.9291, 0.0794 1.3753 1.9291, 0.1147 -1.3549 1.9291, 0.1272 -1.3386 1.9291, 0.1351 -1.3196 1.9291, 0.1378 -1.2992 1.9291, 0.0984 -1.3674 1.9291, -0.0794 1.3753 1.9291, -0.0591 1.378 1.9291, 0.0591 1.378 1.9291, -0.0591 -1.378 1.9291, 0.0591 -1.378 1.9291, 0.0794 -1.3753 1.9291, -0.0794 -1.3753 1.9291, -0.0984 -1.3674 1.9291, -0.1147 -1.3549 1.9291, -0.1272 -1.3386 1.9291, -0.1272 1.3386 1.9291, -0.1351 1.3196 1.9291, -0.1378 1.2992 1.9291, -0.1378 -1.2992 1.9291, -0.1351 -1.3196 1.9291, -0.0591 1.378 3.4646, -0.0794 1.3753 3.4646, -0.0984 1.3674 3.4646, -0.1147 1.3549 3.4646, -0.1272 1.3386 3.4646, -0.1351 1.3196 3.4646, -0.1378 1.2992 3.4646, -0.1378 -1.2992 3.4646, -0.1351 -1.3196 3.4646, -0.1272 -1.3386 3.4646, -0.1147 -1.3549 3.4646, -0.0984 -1.3674 3.4646, -0.0794 -1.3753 3.4646, -0.0591 -1.378 3.4646, 0.0591 -1.378 3.4646, 0.0794 -1.3753 3.4646, 0.0984 -1.3674 3.4646, 0.1147 -1.3549 3.4646, 0.1272 -1.3386 3.4646, 0.1351 -1.3196 3.4646, 0.1378 -1.2992 3.4646, 0.1378 1.2992 3.4646, 0.1351 1.3196 3.4646, 0.1272 1.3386 3.4646, 0.1147 1.3549 3.4646, 0.0984 1.3674 3.4646, 0.0794 1.3753 3.4646, 0.0591 1.378 3.4646, 0.0984 1.2992 3.5039, -0.0984 1.2992 3.5039, 0.0984 -1.2992 3.5039, -0.0984 -1.2992 3.5039, -0.0692 1.3372 3.5039, -0.0787 1.3333 3.5039, -0.0869 1.3271 3.5039, -0.0971 1.3094 3.5039, -0.0932 1.3189 3.5039, -0.0869 -1.3271 3.5039, -0.0787 -1.3333 3.5039, -0.0692 -1.3372 3.5039, 0.0869 -1.3271 3.5039, 0.0971 -1.3094 3.5039, 0.0932 -1.3189 3.5039, 0.0971 1.3094 3.5039, 0.0932 1.3189 3.5039, 0.0869 1.3271 3.5039, 0.0591 -1.3386 3.5039, 0.0692 -1.3372 3.5039, 0.0787 -1.3333 3.5039, 0.0787 1.3333 3.5039, 0.0692 1.3372 3.5039, 0.0591 1.3386 3.5039, -0.0591 1.3386 3.5039, -0.0932 -1.3189 3.5039, -0.0591 -1.3386 3.5039, -0.0971 -1.3094 3.5039
            ]
        }
        coordIndex [
            0,1,2,-1,2,1,3,-1,2,3,4,-1,4,3,5,-1,4,5,6,-1,6,5,7,-1,8,9,10,-1,10,9,11,-1,10,11,12,-1,13,14,10,-1,10,14,15,-1,10,15,16,-1,12,17,10,-1,10,17,18,-1,10,18,19,-1,19,20,10,-1,10,20,21,-1,10,21,13,-1,22,23,15,-1,15,23,24,-1,15,24,16,-1,25,26,27,-1,25,27,28,-1,28,27,29,-1,28,29,30,-1,30,29,31,-1,30,31,32,-1,32,31,33,-1,32,33,34,-1,34,33,35,-1,34,35,36,-1,36,35,37,-1,36,37,38,-1,39,38,40,-1,40,38,37,-1,39,40,41,-1,39,41,42,-1,42,41,43,-1,42,43,44,-1,44,43,45,-1,44,45,46,-1,46,45,47,-1,46,47,48,-1,48,47,49,-1,48,49,50,-1,50,49,51,-1,50,51,52,-1,53,52,54,-1,54,52,51,-1,53,54,55,-1,53,55,56,-1,56,55,57,-1,56,57,58,-1,58,57,59,-1,58,59,60,-1,60,59,61,-1,60,61,62,-1,62,61,63,-1,62,63,64,-1,64,63,65,-1,64,65,66,-1,67,66,68,-1,68,66,65,-1,67,68,69,-1,67,69,70,-1,70,69,71,-1,70,71,72,-1,72,71,73,-1,72,73,74,-1,74,73,75,-1,74,75,76,-1,76,75,77,-1,76,77,78,-1,78,77,79,-1,78,79,80,-1,25,80,26,-1,26,80,79,-1,81,82,67,-1,83,56,84,-1,84,56,58,-1,84,58,85,-1,58,60,85,-1,85,60,62,-1,85,62,86,-1,86,62,64,-1,86,64,87,-1,87,64,66,-1,87,66,88,-1,89,44,90,-1,90,44,46,-1,90,46,91,-1,91,46,48,-1,91,48,92,-1,93,39,89,-1,89,39,42,-1,89,42,44,-1,82,94,67,-1,67,94,95,-1,67,95,66,-1,66,95,96,-1,66,96,88,-1,48,50,92,-1,92,50,52,-1,92,52,83,-1,83,52,53,-1,83,53,56,-1,97,38,98,-1,98,38,39,-1,98,39,99,-1,99,39,93,-1,97,100,38,-1,38,100,101,-1,38,101,36,-1,36,101,102,-1,36,102,34,-1,34,102,103,-1,67,70,81,-1,81,70,72,-1,81,72,104,-1,104,72,74,-1,104,74,105,-1,105,74,76,-1,105,76,106,-1,106,76,78,-1,78,80,106,-1,106,80,25,-1,106,25,107,-1,107,25,28,-1,107,28,108,-1,108,28,30,-1,108,30,103,-1,103,30,32,-1,103,32,34,-1,109,95,94,-1,109,94,110,-1,110,94,82,-1,110,82,111,-1,111,82,81,-1,111,81,112,-1,112,81,104,-1,112,104,113,-1,113,104,105,-1,113,105,114,-1,114,105,106,-1,114,106,115,-1,115,106,116,-1,116,106,107,-1,116,107,108,-1,116,108,117,-1,117,108,103,-1,117,103,118,-1,118,103,102,-1,118,102,119,-1,119,102,101,-1,119,101,120,-1,120,101,100,-1,120,100,121,-1,121,100,97,-1,121,97,122,-1,122,97,123,-1,123,97,98,-1,123,98,99,-1,123,99,124,-1,124,99,93,-1,124,93,125,-1,125,93,89,-1,125,89,126,-1,126,89,90,-1,126,90,127,-1,127,90,91,-1,127,91,128,-1,128,91,92,-1,128,92,129,-1,129,92,130,-1,130,92,83,-1,130,83,84,-1,130,84,131,-1,131,84,85,-1,131,85,132,-1,132,85,86,-1,132,86,133,-1,133,86,87,-1,133,87,134,-1,134,87,88,-1,134,88,135,-1,135,88,96,-1,135,96,136,-1,136,96,109,-1,109,96,95,-1,137,138,139,-1,139,138,140,-1,141,142,138,-1,138,142,143,-1,138,143,144,-1,144,143,145,-1,146,147,148,-1,139,149,150,-1,150,149,151,-1,152,153,154,-1,155,156,139,-1,139,156,157,-1,139,157,149,-1,154,158,152,-1,152,158,159,-1,152,159,137,-1,137,159,160,-1,137,160,138,-1,138,160,161,-1,138,161,141,-1,146,148,162,-1,155,139,163,-1,163,139,140,-1,163,140,148,-1,148,140,164,-1,148,164,162,-1,123,155,122,-1,122,155,163,-1,155,123,124,-1,155,124,156,-1,156,124,125,-1,156,125,157,-1,157,125,126,-1,157,126,149,-1,149,126,127,-1,149,127,151,-1,151,127,128,-1,151,128,150,-1,150,128,129,-1,150,129,139,-1,140,116,117,-1,140,117,164,-1,164,117,118,-1,164,118,162,-1,162,118,119,-1,162,119,146,-1,146,119,120,-1,146,120,147,-1,147,120,121,-1,147,121,148,-1,148,121,122,-1,148,122,163,-1,130,137,129,-1,129,137,139,-1,138,115,140,-1,140,115,116,-1,137,130,131,-1,137,131,152,-1,152,131,132,-1,152,132,153,-1,153,132,133,-1,153,133,154,-1,154,133,134,-1,154,134,158,-1,158,134,135,-1,158,135,159,-1,159,135,136,-1,159,136,160,-1,161,109,110,-1,161,110,141,-1,141,110,111,-1,141,111,142,-1,142,111,112,-1,142,112,143,-1,143,112,113,-1,143,113,145,-1,145,113,114,-1,145,114,144,-1,144,114,115,-1,144,115,138,-1,109,161,136,-1,136,161,160,-1,
        ]
    }
}
Shape{
    appearance Appearance {
        material  Material {
            diffuseColor 1.0 1.0 0.0
            specularColor 0.5019607843137255 0.5019607843137255 0.0
            ambientIntensity 0.886
            transparency 0.0
            shininess 0.5
        }
    }
    geometry IndexedFaceSet {
        ccw TRUE
        solid FALSE
        coord DEF co Coordinate {
            point [
                -0.1378 0.2165 3.1102, -0.1378 0.0984 3.1102, -0.1378 0.2165 1.9291, -0.1378 0.0984 1.9291, -0.1772 0.2165 3.1102, -0.1772 0.2165 1.9291, -0.1772 0.0984 3.1102, -0.1772 0.0984 1.9291, -0.1378 -0.2165 3.1102, -0.1772 -0.2165 3.1102, -0.1378 -0.2165 1.9291, -0.1772 -0.2165 1.9291, -0.1378 -0.0984 3.1102, -0.1378 -0.0984 1.9291, -0.1772 -0.0984 3.1102, -0.1772 -0.0984 1.9291, 0.1772 -1.1614 3.1102, 0.1378 -1.1614 3.1102, 0.1772 -1.1614 1.9291, 0.1378 -1.1614 1.9291, 0.1772 -1.0433 3.1102, 0.1772 -1.0433 1.9291, 0.1378 -1.0433 3.1102, 0.1378 -1.0433 1.9291, 0.1378 0.2165 3.1102, 0.1772 0.2165 3.1102, 0.1378 0.2165 1.9291, 0.1772 0.2165 1.9291, 0.1378 0.0984 3.1102, 0.1378 0.0984 1.9291, 0.1772 0.0984 3.1102, 0.1772 0.0984 1.9291, -0.1772 1.1614 3.1102, -0.1378 1.1614 3.1102, -0.1772 1.1614 1.9291, -0.1378 1.1614 1.9291, -0.1772 1.0433 3.1102, -0.1772 1.0433 1.9291, -0.1378 1.0433 3.1102, -0.1378 1.0433 1.9291, -0.1378 -0.4134 3.1102, -0.1378 -0.5315 3.1102, -0.1378 -0.4134 1.9291, -0.1378 -0.5315 1.9291, -0.1772 -0.4134 3.1102, -0.1772 -0.4134 1.9291, -0.1772 -0.5315 3.1102, -0.1772 -0.5315 1.9291, 0.1772 -0.8465 3.1102, 0.1378 -0.8465 3.1102, 0.1772 -0.8465 1.9291, 0.1378 -0.8465 1.9291, 0.1772 -0.7283 3.1102, 0.1772 -0.7283 1.9291, 0.1378 -0.7283 3.1102, 0.1378 -0.7283 1.9291, 0.1378 0.4134 3.1102, 0.1378 0.5315 3.1102, 0.1378 0.4134 1.9291, 0.1378 0.5315 1.9291, 0.1772 0.4134 3.1102, 0.1772 0.4134 1.9291, 0.1772 0.5315 3.1102, 0.1772 0.5315 1.9291, -0.1772 0.8465 3.1102, -0.1378 0.8465 3.1102, -0.1772 0.8465 1.9291, -0.1378 0.8465 1.9291, -0.1772 0.7283 3.1102, -0.1772 0.7283 1.9291, -0.1378 0.7283 3.1102, -0.1378 0.7283 1.9291, -0.1378 -0.7283 3.1102, -0.1378 -0.8465 3.1102, -0.1378 -0.7283 1.9291, -0.1378 -0.8465 1.9291, -0.1772 -0.7283 3.1102, -0.1772 -0.7283 1.9291, -0.1772 -0.8465 3.1102, -0.1772 -0.8465 1.9291, 0.1772 -0.5315 3.1102, 0.1378 -0.5315 3.1102, 0.1772 -0.5315 1.9291, 0.1378 -0.5315 1.9291, 0.1772 -0.4134 3.1102, 0.1772 -0.4134 1.9291, 0.1378 -0.4134 3.1102, 0.1378 -0.4134 1.9291, 0.1378 0.7283 3.1102, 0.1378 0.8465 3.1102, 0.1378 0.7283 1.9291, 0.1378 0.8465 1.9291, 0.1772 0.7283 3.1102, 0.1772 0.7283 1.9291, 0.1772 0.8465 3.1102, 0.1772 0.8465 1.9291
            ]
        }
        coordIndex [
            0,1,2,-1,2,1,3,-1,4,0,5,-1,5,0,2,-1,6,4,7,-1,7,4,5,-1,1,6,3,-1,3,6,7,-1,4,6,0,-1,0,6,1,-1,7,5,3,-1,3,5,2,-1,8,9,10,-1,10,9,11,-1,12,8,13,-1,13,8,10,-1,14,12,15,-1,15,12,13,-1,9,14,11,-1,11,14,15,-1,12,14,8,-1,8,14,9,-1,15,13,11,-1,11,13,10,-1,16,17,18,-1,18,17,19,-1,20,16,21,-1,21,16,18,-1,22,20,23,-1,23,20,21,-1,17,22,19,-1,19,22,23,-1,20,22,16,-1,16,22,17,-1,23,21,19,-1,19,21,18,-1,24,25,26,-1,26,25,27,-1,28,24,29,-1,29,24,26,-1,30,28,31,-1,31,28,29,-1,25,30,27,-1,27,30,31,-1,28,30,24,-1,24,30,25,-1,31,29,27,-1,27,29,26,-1,32,33,34,-1,34,33,35,-1,36,32,37,-1,37,32,34,-1,38,36,39,-1,39,36,37,-1,33,38,35,-1,35,38,39,-1,36,38,32,-1,32,38,33,-1,39,37,35,-1,35,37,34,-1,40,41,42,-1,42,41,43,-1,44,40,45,-1,45,40,42,-1,46,44,47,-1,47,44,45,-1,41,46,43,-1,43,46,47,-1,44,46,40,-1,40,46,41,-1,47,45,43,-1,43,45,42,-1,48,49,50,-1,50,49,51,-1,52,48,53,-1,53,48,50,-1,54,52,55,-1,55,52,53,-1,49,54,51,-1,51,54,55,-1,52,54,48,-1,48,54,49,-1,55,53,51,-1,51,53,50,-1,56,57,58,-1,58,57,59,-1,60,56,61,-1,61,56,58,-1,62,60,63,-1,63,60,61,-1,57,62,59,-1,59,62,63,-1,60,62,56,-1,56,62,57,-1,63,61,59,-1,59,61,58,-1,64,65,66,-1,66,65,67,-1,68,64,69,-1,69,64,66,-1,70,68,71,-1,71,68,69,-1,65,70,67,-1,67,70,71,-1,68,70,64,-1,64,70,65,-1,71,69,67,-1,67,69,66,-1,72,73,74,-1,74,73,75,-1,76,72,77,-1,77,72,74,-1,78,76,79,-1,79,76,77,-1,73,78,75,-1,75,78,79,-1,76,78,72,-1,72,78,73,-1,79,77,75,-1,75,77,74,-1,80,81,82,-1,82,81,83,-1,84,80,85,-1,85,80,82,-1,86,84,87,-1,87,84,85,-1,81,86,83,-1,83,86,87,-1,84,86,80,-1,80,86,81,-1,87,85,83,-1,83,85,82,-1,88,89,90,-1,90,89,91,-1,92,88,93,-1,93,88,90,-1,94,92,95,-1,95,92,93,-1,89,94,91,-1,91,94,95,-1,92,94,88,-1,88,94,89,-1,95,93,91,-1,91,93,90,-1,
        ]
    }
}